,fixed acidity,volatile acidity,citric acid,residual sugar,chlorides,free sulfur dioxide,total sulfur dioxide,density,pH,sulphates,alcohol
1404,0.04761904761904746,-0.08333333333333341,0.3823529411764706,0.5714285714285712,0.14285714285714304,-0.07142857142857142,0.21428571428571427,0.8181818181818366,0.6315789473684218,0.0,0.31250000000000006
1198,-0.09523809523809534,-1.0833333333333335,0.0,-0.2857142857142859,-1.2857142857142865,0.42857142857142855,0.9523809523809523,-0.7272727272727548,-0.8421052631578957,0.944444444444445,0.4375000000000008
769,0.0,0.8333333333333331,-0.7352941176470589,-0.4285714285714288,-0.14285714285714304,-0.42857142857142855,-0.11904761904761904,-0.009090909090918267,0.42105263157894784,-0.44444444444444436,-0.37499999999999983
379,0.1904761904761907,-0.4166666666666668,0.35294117647058826,0.4285714285714282,0.7142857142857145,0.7857142857142857,0.5476190476190477,0.5454545454545409,0.0,0.44444444444444436,0.375000000000001
63,-0.4285714285714288,0.8958333333333333,-0.6176470588235295,-0.2857142857142859,0.09523809523809536,0.0,0.40476190476190477,-0.04545454545454087,0.42105263157894784,-0.2777777777777781,-0.24999999999999917
637,0.7619047619047619,1.5208333333333333,0.02941176470588238,0.14285714285714232,0.23809523809523842,1.2857142857142858,2.5714285714285716,0.5,-0.3684210526315782,-0.5,-0.49999999999999944
756,-0.7619047619047623,1.9166666666666665,-0.7352941176470589,-0.2857142857142859,-1.0476190476190481,0.14285714285714285,-0.09523809523809523,-0.8272727272727548,1.5263157894736847,-0.8888888888888891,0.6250000000000001
641,0.7619047619047619,0.29166666666666646,0.5294117647058824,0.14285714285714232,-0.38095238095238143,0.5714285714285714,0.7380952380952381,1.1363636363636227,0.7894736842105261,0.05555555555555562,-0.43749999999999967
51,-0.6190476190476195,0.0,-0.6470588235294118,0.0,-0.47619047619047616,-0.35714285714285715,-0.5238095238095238,-0.5,0.47368421052631515,0.05555555555555562,-0.49999999999999944
1515,-0.4761904761904763,1.3333333333333333,-0.14705882352941183,2.7142857142857126,-0.23809523809523842,0.21428571428571427,0.6666666666666666,0.7818181818181634,1.1578947368421042,0.5555555555555556,-0.5937499999999997
680,2.571428571428572,-0.3750000000000001,0.9411764705882353,-0.4285714285714288,-0.4285714285714285,0.14285714285714285,0.07142857142857142,1.6818181818181634,-1.3157894736842108,-0.7222222222222225,-0.7499999999999997
1216,0.0,0.20833333333333307,0.14705882352941174,-0.2857142857142859,0.0,-0.21428571428571427,1.0,0.0318181818181887,-0.10526315789473696,0.38888888888888873,-0.43749999999999967
1572,-0.28571428571428603,0.708333333333333,0.17647058823529413,0.0,-0.47619047619047616,1.5714285714285714,1.5952380952380953,-0.17272727272729566,0.10526315789473696,-0.6111111111111113,-0.43749999999999967
86,0.33333333333333304,-0.1250000000000001,0.05882352941176476,-0.4285714285714288,1.4761904761904767,0.5,2.357142857142857,0.22727272727270434,-2.0,7.388888888888892,-0.18749999999999936
1316,-1.1904761904761907,0.9166666666666666,-0.7647058823529412,-1.4285714285714286,-1.8095238095238102,0.21428571428571427,0.21428571428571427,-1.8727272727272957,3.684210526315789,-0.16666666666666688,1.4375000000000007
655,0.8571428571428568,0.1250000000000001,-0.2647058823529412,0.9999999999999993,0.3809523809523808,0.5,0.38095238095238093,1.6818181818181634,-0.894736842105263,-0.05555555555555562,-0.49999999999999944
794,1.0476190476190474,-1.0416666666666667,0.8235294117647061,0.14285714285714232,-0.6666666666666669,-0.42857142857142855,-0.2619047619047619,-0.6318181818181887,-0.7368421052631587,-0.5,1.4375000000000007
1227,0.5238095238095237,0.24999999999999978,-0.02941176470588238,-0.2857142857142859,1.1904761904761907,-0.35714285714285715,-0.38095238095238093,0.44999999999997475,-0.21052631578947392,0.5555555555555556,-0.37499999999999983
682,0.2857142857142856,-0.25,0.14705882352941174,0.07142857142857116,-0.04761904761904768,1.3571428571428572,0.5,0.5909090909090817,0.10526315789473696,-0.44444444444444436,-0.24999999999999917
444,-1.2380952380952386,0.20833333333333307,-0.7352941176470589,-0.7142857142857144,-1.1904761904761911,-0.5714285714285714,-0.23809523809523808,-1.5000000000000504,1.3684210526315783,1.2222222222222225,1.4375000000000007
1385,0.04761904761904746,1.2083333333333335,-0.02941176470588238,1.7142857142857135,-0.14285714285714304,1.5,1.1428571428571428,-0.009090909090918267,-0.6315789473684218,-1.1111111111111116,-0.6250000000000001
664,2.0,-0.5,0.7647058823529412,-0.2857142857142859,0.6190476190476192,0.14285714285714285,0.40476190476190477,1.5,-1.4736842105263175,0.2222222222222225,0.0
943,0.9047619047619051,-0.08333333333333341,0.2352941176470589,0.14285714285714232,0.7142857142857145,-0.21428571428571427,0.19047619047619047,0.8818181818181635,-0.3684210526315782,-0.11111111111111124,-0.31250000000000006
1113,0.4761904761904763,-1.1666666666666667,0.3823529411764706,-0.8571428571428571,-0.23809523809523842,-0.7142857142857143,-0.6428571428571429,0.12727272727270433,-1.0,-0.16666666666666688,-0.43749999999999967
880,0.6190476190476186,0.16666666666666682,-0.2352941176470589,-0.8571428571428571,-0.04761904761904768,-0.21428571428571427,-0.38095238095238093,-0.4272727272727548,-0.8421052631578957,-0.7222222222222225,-0.18749999999999936
108,0.04761904761904746,-0.7916666666666667,0.7941176470588237,0.4285714285714282,0.5714285714285715,0.35714285714285715,1.0238095238095237,0.4090909090909183,0.3157894736842109,1.0000000000000007,-0.37499999999999983
1158,-0.5714285714285716,-0.45833333333333354,0.5,0.8571428571428564,-0.14285714285714304,0.6428571428571429,0.40476190476190477,-0.4454545454545409,0.5789473684210521,3.0000000000000004,0.2500000000000003
1369,-0.6190476190476195,0.3749999999999999,-0.7647058823529412,-0.8571428571428571,-0.47619047619047616,-0.6428571428571429,-0.6904761904761905,-1.2454545454545913,0.10526315789473696,-1.3888888888888893,0.1250000000000007
288,0.3809523809523805,0.0,-0.5000000000000001,0.4285714285714282,0.5714285714285715,0.5,0.2857142857142857,0.4090909090909183,0.15789473684210428,1.3333333333333337,0.2500000000000003
654,0.33333333333333304,-0.20833333333333354,0.6176470588235293,0.28571428571428525,-0.23809523809523842,-0.42857142857142855,-0.19047619047619047,0.5454545454545409,-1.210526315789474,-0.8888888888888891,-0.43749999999999967
38,-1.047619047619048,2.541666666666666,-0.5000000000000001,-1.0,4.42857142857143,-0.42857142857142855,-0.42857142857142855,-1.2272727272727548,1.0,-0.7777777777777781,-0.24999999999999917
962,-0.6190476190476195,0.20833333333333307,-0.7058823529411766,-0.14285714285714296,1.7142857142857153,-0.5,-0.5,-0.07272727272729566,0.3684210526315782,0.38888888888888873,-0.43749999999999967
1036,-0.1428571428571432,-0.8750000000000001,0.2352941176470589,0.4285714285714282,0.14285714285714304,0.9285714285714286,-0.047619047619047616,-1.4272727272727548,-0.47368421052631515,-0.16666666666666688,1.4375000000000007
1565,-0.5714285714285716,0.6250000000000001,-0.7058823529411766,-0.4285714285714288,-0.8571428571428577,0.9285714285714286,0.11904761904761904,-0.8227272727272704,0.42105263157894784,1.1111111111111112,0.4375000000000008
1411,-0.7142857142857144,-0.20833333333333354,0.41176470588235303,0.28571428571428525,-0.38095238095238143,-0.35714285714285715,-0.42857142857142855,-0.18181818181821394,1.3157894736842108,0.6111111111111113,0.2500000000000003
1128,1.0,-0.3750000000000001,0.20588235294117652,0.7142857142857141,0.7619047619047622,1.0714285714285714,1.2380952380952381,0.7727272727272452,-0.47368421052631515,0.33333333333333376,-0.12499999999999958
882,0.23809523809523814,-0.8750000000000001,0.08823529411764698,1.2857142857142854,5.476190476190479,0.07142857142857142,-0.2619047619047619,-0.6090909090909182,-0.47368421052631515,0.8888888888888894,1.1250000000000007
318,0.9047619047619051,0.5833333333333334,0.3823529411764706,1.4285714285714282,0.19047619047619072,0.5714285714285714,0.5238095238095238,1.0,0.3157894736842109,0.5,0.8125000000000007
1511,-0.3809523809523814,0.708333333333333,-0.6470588235294118,-0.14285714285714296,-0.5238095238095238,0.42857142857142855,-0.23809523809523808,0.19090909090908173,0.6842105263157892,0.2777777777777781,-0.24999999999999917
1081,0.0,-0.9166666666666669,1.235294117647059,8.714285714285714,-1.3809523809523814,1.75,6.0,-1.6090909090909182,-1.5789473684210544,-0.6111111111111113,1.312500000000001
1488,-1.0952380952380958,0.08333333333333341,-0.6470588235294118,-0.7142857142857144,-1.428571428571429,-0.5714285714285714,-0.5714285714285714,-1.136363636363673,2.1578947368421066,-0.2222222222222225,0.7500000000000009
919,0.23809523809523814,0.4166666666666666,-0.41176470588235303,-0.5714285714285715,-0.33333333333333376,1.7857142857142858,0.21428571428571427,-0.7545454545454592,0.3684210526315782,1.5000000000000007,1.000000000000001
328,2.6190476190476195,-1.0416666666666667,1.0588235294117647,0.5714285714285712,0.14285714285714304,-0.5,-0.38095238095238093,1.5909090909090817,-0.7894736842105261,0.2777777777777781,-0.31250000000000006
754,-0.04761904761904788,-0.16666666666666682,1.235294117647059,-0.7142857142857144,16.000000000000004,0.07142857142857142,-0.11904761904761904,-0.0636363636363774,-1.1578947368421066,2.4444444444444455,-0.6874999999999999
210,0.8571428571428568,0.041666666666666706,1.0,-0.2857142857142859,-1.9047619047619055,-0.5714285714285714,-0.42857142857142855,-0.38636363636364784,-0.05263157894736965,1.3333333333333337,1.3750000000000009
852,0.04761904761904746,-0.4166666666666668,0.17647058823529413,0.4285714285714282,0.04761904761904768,0.9285714285714286,2.0238095238095237,0.5954545454545156,-0.47368421052631515,2.5000000000000013,-0.31250000000000006
376,1.7142857142857144,-0.2916666666666667,0.7058823529411765,1.1428571428571423,-0.04761904761904768,0.42857142857142855,0.23809523809523808,1.6363636363636227,-0.2631578947368436,2.7222222222222237,0.5000000000000006
339,2.1904761904761907,-1.0,0.8235294117647061,0.14285714285714232,0.14285714285714304,-0.07142857142857142,-0.19047619047619047,1.3636363636363773,-1.0526315789473697,4.111111111111113,-0.24999999999999917
1355,-0.8571428571428577,-0.8333333333333334,-0.02941176470588238,-0.5714285714285715,0.3333333333333331,-0.5714285714285714,-0.11904761904761904,-0.936363636363673,0.26315789473684126,-1.0000000000000002,-0.06249999999999979
1079,0.0,-0.9166666666666669,1.235294117647059,8.714285714285714,-1.3809523809523814,1.75,5.738095238095238,-1.6090909090909182,-1.5789473684210544,-0.6111111111111113,1.312500000000001
568,0.9047619047619051,-0.08333333333333341,0.6764705882352942,0.5714285714285712,8.142857142857146,-0.5714285714285714,-0.40476190476190477,1.045454545454541,0.0,0.944444444444445,0.31250000000000006
1195,-0.8095238095238098,-0.3750000000000001,-0.11764705882352945,-0.5714285714285715,-0.04761904761904768,0.5714285714285714,0.4523809523809524,-0.1681818181818113,1.105263157894737,-0.11111111111111124,-0.43749999999999967
1451,-0.04761904761904788,-0.8333333333333334,0.5294117647058824,0.7142857142857141,1.1904761904761907,-0.35714285714285715,-0.47619047619047616,0.2818181818181635,0.10526315789473696,0.8888888888888894,0.5000000000000006
1167,0.14285714285714238,-0.7916666666666667,0.3823529411764706,0.4285714285714282,-0.23809523809523842,1.1428571428571428,0.2619047619047619,-0.6454545454545408,0.052631578947367315,1.444444444444445,1.3750000000000009
58,-0.04761904761904788,0.29166666666666646,-0.2352941176470589,0.14285714285714232,-0.14285714285714304,0.2857142857142857,0.40476190476190477,0.3636363636363774,0.6315789473684218,-0.16666666666666688,-0.12499999999999958
700,1.2857142857142856,2.0833333333333335,0.5,0.9999999999999993,-0.14285714285714304,0.9285714285714286,1.2142857142857142,0.7727272727272452,-1.210526315789474,-0.2777777777777781,-0.06249999999999979
247,0.14285714285714238,0.3333333333333332,-0.2647058823529412,0.14285714285714232,-0.33333333333333376,-0.14285714285714285,0.8571428571428571,-0.18181818181821394,-0.5789473684210521,-0.9444444444444446,-0.5624999999999992
1408,0.09523809523809491,-0.9583333333333335,0.2941176470588235,0.0,-1.4761904761904767,1.5714285714285714,0.38095238095238093,-0.7727272727272957,-0.21052631578947392,2.1666666666666674,1.3750000000000009
1136,1.1904761904761907,0.0,0.5588235294117647,-0.2857142857142859,0.04761904761904768,-0.5,-0.5714285714285714,0.4727272727272452,-0.47368421052631515,0.7777777777777781,0.7500000000000009
1045,-0.4761904761904763,-0.3333333333333334,-0.7647058823529412,-1.142857142857143,-0.4285714285714285,1.3571428571428572,0.023809523809523808,-1.0545454545454591,0.052631578947367315,-0.2222222222222225,0.7500000000000009
190,0.14285714285714238,-0.08333333333333341,0.2647058823529411,0.9999999999999993,-0.09523809523809536,0.5714285714285714,2.142857142857143,0.4090909090909183,-0.42105263157894784,0.0,-0.49999999999999944
423,1.2380952380952381,-1.1666666666666667,0.6176470588235293,-0.14285714285714296,-0.6190476190476192,-0.5,-0.30952380952380953,0.5,-0.8421052631578957,1.5555555555555562,0.5000000000000006
1132,-0.23809523809523814,-0.6666666666666669,0.2352941176470589,-0.5714285714285715,-0.19047619047619072,0.35714285714285715,0.023809523809523808,-1.5454545454545914,0.3684210526315782,1.444444444444445,2.125000000000001
925,0.33333333333333304,-1.2500000000000002,0.2941176470588235,-0.4285714285714288,-0.7142857142857145,2.857142857142857,0.9523809523809523,-0.3,0.8421052631578957,1.3888888888888893,0.5000000000000006
752,-0.1428571428571432,0.08333333333333341,-0.3823529411764706,0.4285714285714282,0.8571428571428577,0.7857142857142857,0.6904761904761905,0.5227272727272705,0.42105263157894784,-0.05555555555555562,-0.49999999999999944
1283,0.3809523809523805,0.4583333333333333,0.05882352941176476,0.7142857142857141,0.80952380952381,0.2857142857142857,0.7619047619047619,0.29090909090908174,-0.2631578947368436,0.05555555555555562,0.0
41,0.4285714285714288,0.3749999999999999,0.11764705882352937,0.8571428571428564,0.4285714285714285,0.2857142857142857,0.21428571428571427,0.4090909090909183,-0.2631578947368436,-0.6111111111111113,-0.5624999999999992
1027,-0.7142857142857144,1.1458333333333335,-0.7647058823529412,0.0,-0.6666666666666669,1.0714285714285714,0.35714285714285715,-1.3272727272727547,0.9473684210526326,-0.5555555555555556,0.8750000000000004
135,0.23809523809523814,0.9374999999999999,-0.4411764705882354,-0.4285714285714288,0.5238095238095238,0.21428571428571427,0.6190476190476191,-0.09090909090908174,-0.6315789473684218,1.1111111111111112,-0.37499999999999983
1304,-0.1428571428571432,1.1250000000000002,-0.14705882352941183,0.14285714285714232,0.3809523809523808,0.5714285714285714,0.7380952380952381,-0.5454545454545409,-1.0,-1.0000000000000002,-0.6250000000000001
1312,0.04761904761904746,2.7499999999999996,-0.14705882352941183,-0.4285714285714288,0.19047619047619072,0.07142857142857142,0.09523809523809523,-0.6272727272727548,0.15789473684210428,-0.8333333333333337,0.1875000000000005
128,0.04761904761904746,0.29166666666666646,-0.2941176470588236,-0.5714285714285715,-0.6666666666666669,-0.7142857142857143,-0.5,-0.2272727272727548,0.5789473684210521,1.6666666666666674,0.1875000000000005
1044,-0.7142857142857144,-0.5416666666666667,0.20588235294117652,1.5714285714285705,-1.5714285714285723,-0.07142857142857142,0.38095238095238093,-1.7090909090909183,0.26315789473684126,0.0,1.2500000000000002
1574,-1.0952380952380958,-0.8750000000000001,1.5294117647058825,16.714285714285708,-0.23809523809523842,0.7142857142857143,1.3095238095238095,0.0318181818181887,0.42105263157894784,-0.7777777777777781,0.1875000000000005
104,-0.3333333333333335,-0.1250000000000001,-0.05882352941176476,0.0,-0.4285714285714285,-0.5714285714285714,-0.023809523809523808,-0.31818181818183655,0.10526315789473696,-0.7777777777777781,-0.49999999999999944
1110,0.1904761904761907,0.041666666666666706,-0.7647058823529412,-1.142857142857143,-0.4285714285714285,-0.5,-0.5476190476190477,-0.35000000000002524,-0.3157894736842109,0.11111111111111124,-0.12499999999999958
1547,-0.7619047619047623,0.3333333333333332,-0.4705882352941177,-0.8571428571428571,-1.4761904761904767,-0.07142857142857142,-0.2619047619047619,-1.6545454545454592,1.2631578947368411,-0.6111111111111113,1.1875000000000004
1144,-0.28571428571428603,-0.8333333333333334,-0.08823529411764706,0.14285714285714232,-0.6190476190476192,1.5714285714285714,0.7857142857142857,-0.37272727272729567,0.6315789473684218,0.0,-0.06249999999999979
1131,-0.9523809523809526,-1.3750000000000002,-0.14705882352941183,-0.7142857142857144,-1.61904761904762,3.142857142857143,2.3333333333333335,-1.495454545454566,0.052631578947367315,-1.0000000000000002,-0.43749999999999967
1587,-1.0000000000000004,0.3749999999999999,-0.4411764705882354,-0.5714285714285715,-0.6190476190476192,0.35714285714285715,-0.21428571428571427,-0.8500000000000252,1.2631578947368411,0.2222222222222225,0.4375000000000008
768,-0.3809523809523814,0.29166666666666646,-0.7058823529411766,0.14285714285714232,0.14285714285714304,0.7857142857142857,1.3571428571428572,0.3363636363636226,1.2631578947368411,-0.5,-0.31250000000000006
1486,-0.5238095238095242,0.6666666666666669,-0.14705882352941183,-0.14285714285714296,-0.4285714285714285,-0.2857142857142857,-0.3333333333333333,-0.5636363636363774,0.3684210526315782,-0.11111111111111124,0.0625000000000009
738,0.5238095238095237,-0.25,-0.08823529411764706,0.8571428571428564,0.6190476190476192,1.0714285714285714,1.5952380952380953,0.7272727272727043,-1.105263157894737,-0.33333333333333315,-0.6250000000000001
1273,-0.1904761904761907,0.24999999999999978,-0.17647058823529413,-0.2857142857142859,-0.2857142857142861,1.5,0.16666666666666666,-0.8,-1.105263157894737,-1.055555555555556,-0.5624999999999992
81,-0.04761904761904788,-0.3750000000000001,1.2941176470588236,-0.4285714285714288,18.333333333333343,0.6428571428571429,0.7142857142857143,0.3181818181817861,-0.9473684210526326,3.6666666666666683,-0.49999999999999944
1194,-0.4285714285714288,0.9374999999999999,-0.41176470588235303,-0.5714285714285715,1.6666666666666676,0.14285714285714285,0.6428571428571429,-0.37272727272729567,-0.47368421052631515,-0.16666666666666688,-0.43749999999999967
1041,-0.4761904761904763,-0.1250000000000001,-0.20588235294117652,-0.7142857142857144,0.0,0.0,-0.2619047619047619,-0.5590909090909435,0.3684210526315782,0.11111111111111124,-0.24999999999999917
268,-0.4761904761904763,0.08333333333333341,-0.6470588235294118,1.1428571428571423,-0.09523809523809536,-0.42857142857142855,-0.23809523809523808,0.9090909090909183,2.0,1.6111111111111118,-0.49999999999999944
1170,0.6190476190476186,-0.6666666666666669,0.2352941176470589,-0.8571428571428571,-0.80952380952381,-0.5714285714285714,-0.5952380952380952,-0.013636363636402632,-0.5789473684210521,0.2777777777777781,0.1875000000000005
1530,-0.6190476190476195,-0.3333333333333334,-0.5000000000000001,0.0,-0.7619047619047622,-0.2857142857142857,-0.4523809523809524,-1.0272727272727549,0.5789473684210521,0.38888888888888873,0.687500000000001
1388,-0.6190476190476195,0.5,0.14705882352941174,5.571428571428569,0.19047619047619072,-0.42857142857142855,0.2857142857142857,0.21818181818178606,0.21052631578947392,0.33333333333333376,0.0625000000000009
143,-0.7619047619047623,-0.5416666666666667,-0.5294117647058824,-0.7142857142857144,-0.6190476190476192,-0.7142857142857143,-0.40476190476190477,-0.5909090909091322,0.15789473684210428,-0.2222222222222225,-0.49999999999999944
849,-0.7142857142857144,0.4583333333333333,-0.14705882352941183,-0.8571428571428571,0.04761904761904768,-0.07142857142857142,-0.11904761904761904,0.08636363636364783,1.4210526315789478,0.2222222222222225,-0.24999999999999917
688,-0.09523809523809534,0.5833333333333334,-0.6470588235294118,-0.8571428571428571,-1.9047619047619055,-0.6428571428571429,-0.6666666666666666,-0.2272727272727548,0.47368421052631515,-0.8333333333333337,-0.49999999999999944
583,1.9523809523809526,-1.0,0.6764705882352942,-0.4285714285714288,-0.23809523809523842,-0.21428571428571427,-0.38095238095238093,0.4090909090909183,-1.7368421052631589,0.2222222222222225,-0.18749999999999936
845,-0.7142857142857144,0.5,-0.14705882352941183,-0.5714285714285715,0.09523809523809536,0.07142857142857142,-0.14285714285714285,0.08636363636364783,1.4736842105263153,0.2222222222222225,-0.24999999999999917
992,-0.666666666666667,-0.5,-0.4705882352941177,-0.2857142857142859,-0.14285714285714304,1.2142857142857142,0.23809523809523808,-0.5272727272727548,0.26315789473684126,-0.7777777777777781,-0.49999999999999944
113,1.0476190476190474,-0.8750000000000001,0.5294117647058824,0.14285714285714232,0.04761904761904768,0.6428571428571429,0.21428571428571427,0.9545454545454591,0.052631578947367315,0.2777777777777781,-0.31250000000000006
55,-0.09523809523809534,0.4166666666666666,-0.6470588235294118,2.2857142857142847,0.23809523809523842,0.8571428571428571,0.19047619047619047,0.5,0.15789473684210428,-0.5,-0.43749999999999967
1536,-0.8571428571428577,0.041666666666666706,-0.5294117647058824,-0.4285714285714288,-0.09523809523809536,0.7857142857142857,0.19047619047619047,-0.6454545454545408,1.5263157894736847,0.33333333333333376,0.0625000000000009
334,0.0,0.5416666666666667,-0.7352941176470589,0.4285714285714282,-0.04761904761904768,0.2857142857142857,0.023809523809523808,-0.18181818181821394,0.15789473684210428,0.6666666666666669,0.9375000000000002
812,1.3809523809523814,-0.2916666666666667,0.20588235294117652,0.4285714285714282,0.952380952380953,0.5,0.023809523809523808,0.6727272727272452,-0.3684210526315782,0.5,0.375000000000001
475,0.8095238095238093,0.6666666666666669,-0.05882352941176476,0.0,0.3809523809523808,-0.5714285714285714,-0.21428571428571427,0.9545454545454591,-0.894736842105263,-0.11111111111111124,0.0
927,0.23809523809523814,0.6250000000000001,-0.20588235294117652,0.0,0.6666666666666669,-0.14285714285714285,0.9047619047619048,0.3,-0.5789473684210521,-0.16666666666666688,-0.6250000000000001
1328,-0.666666666666667,0.0,-0.4411764705882354,-0.5714285714285715,-0.2857142857142861,0.0,0.023809523809523808,-0.5454545454545409,0.15789473684210428,-0.5555555555555556,-0.5624999999999992
617,1.7142857142857144,-0.8750000000000001,0.7352941176470589,0.0,0.0,0.07142857142857142,-0.21428571428571427,0.6818181818181634,-1.4736842105263175,1.7222222222222232,-0.24999999999999917
715,-0.3333333333333335,-0.1250000000000001,-0.2352941176470589,0.7142857142857141,-0.47619047619047616,0.0,-0.07142857142857142,0.0,-0.10526315789473696,-0.7777777777777781,-0.6250000000000001
735,-0.09523809523809534,1.8541666666666665,-0.4705882352941177,-0.14285714285714296,1.5714285714285723,-0.14285714285714285,-0.35714285714285715,-0.18181818181821394,-0.2631578947368436,-0.6666666666666669,-0.43749999999999967
1176,-0.666666666666667,1.5,-0.6764705882352942,4.857142857142855,0.0,0.7142857142857143,0.23809523809523808,-0.4454545454545409,1.4210526315789478,-0.6666666666666669,0.6250000000000001
272,1.4285714285714288,-0.6250000000000001,0.9411764705882353,2.5714285714285707,-0.38095238095238143,0.2857142857142857,0.6666666666666666,1.204545454545434,-0.47368421052631515,0.8888888888888894,-0.06249999999999979
1345,0.14285714285714238,-0.3333333333333334,-0.05882352941176476,0.14285714285714232,-0.7619047619047622,-0.21428571428571427,-0.21428571428571427,-0.2590909090909435,-0.3157894736842109,-0.5,0.0
1054,0.14285714285714238,0.5,0.02941176470588238,-0.2857142857142859,0.7619047619047622,-0.5714285714285714,0.9523809523809523,0.3499999999999748,-0.9473684210526326,0.0,-0.6874999999999999
1286,-0.3809523809523814,-1.5,0.5294117647058824,0.4285714285714282,-0.5238095238095238,0.2857142857142857,-0.14285714285714285,-1.5545454545454591,0.21052631578947392,-0.44444444444444436,1.3750000000000009
714,0.9523809523809526,0.9166666666666666,0.05882352941176476,0.5714285714285712,-0.04761904761904768,0.5714285714285714,0.9523809523809523,0.5909090909090817,-0.15789473684210661,-0.6111111111111113,-0.24999999999999917
1585,-0.3333333333333335,-0.5416666666666667,0.5294117647058824,0.5714285714285712,-0.6190476190476192,0.6428571428571429,0.2619047619047619,-0.8,-0.05263157894736965,1.2222222222222225,0.8125000000000007
1568,-0.4285714285714288,0.16666666666666682,-0.3823529411764706,-0.8571428571428571,-0.09523809523809536,0.8571428571428571,0.11904761904761904,-0.18636363636364783,0.15789473684210428,-0.16666666666666688,-0.6250000000000001
761,0.666666666666667,0.5625000000000001,0.0,-0.2857142857142859,0.80952380952381,-0.5714285714285714,-0.047619047619047616,0.30909090909091824,-0.3157894736842109,-1.1111111111111116,-0.37499999999999983
870,-0.09523809523809534,0.8124999999999998,-0.7352941176470589,-0.14285714285714296,-0.7142857142857145,1.2857142857142858,0.14285714285714285,-1.3590909090909435,0.5263157894736848,-0.2777777777777781,1.000000000000001
1467,-0.5714285714285716,2.166666666666667,-0.5294117647058824,0.14285714285714232,-0.5714285714285715,0.42857142857142855,-0.11904761904761904,-0.1,1.105263157894737,-0.2777777777777781,0.5000000000000006
776,-0.4761904761904763,1.0208333333333333,-0.2352941176470589,0.28571428571428525,7.809523809523812,-0.5357142857142857,0.2619047619047619,-0.2636363636363774,0.47368421052631515,-0.11111111111111124,0.0625000000000009
1429,0.0,-1.4166666666666667,0.41176470588235303,0.0,-1.428571428571429,1.7857142857142858,0.7142857142857143,-0.31818181818183655,0.10526315789473696,1.7222222222222232,0.687500000000001
1024,-0.09523809523809534,0.24999999999999978,-0.7352941176470589,-0.5714285714285715,0.4285714285714285,-0.07142857142857142,-0.4523809523809524,-0.4636363636363774,0.052631578947367315,-0.33333333333333315,0.1875000000000005
47,0.3809523809523805,-0.9583333333333335,0.7647058823529412,-0.8571428571428571,1.61904761904762,-0.07142857142857142,0.0,0.09090909090908174,-0.3157894736842109,-0.2222222222222225,-0.43749999999999967
1454,1.8095238095238093,-0.2916666666666667,1.0882352941176472,0.0,-0.2857142857142861,-0.42857142857142855,-0.3333333333333333,1.3818181818181634,-0.5263157894736848,0.38888888888888873,0.4375000000000008
1314,-0.4285714285714288,-0.6666666666666669,-0.14705882352941183,0.28571428571428525,0.3333333333333331,0.7857142857142857,0.7619047619047619,-0.5181818181818365,0.47368421052631515,-0.5,-0.06249999999999979
213,0.14285714285714238,0.20833333333333307,0.0,0.0,-0.9047619047619053,1.0714285714285714,0.6666666666666666,-0.3636363636363774,-0.05263157894736965,-1.055555555555556,-0.06249999999999979
474,1.2380952380952381,-1.0,0.7352941176470589,-0.7142857142857144,0.04761904761904768,-0.21428571428571427,-0.30952380952380953,0.6818181818181634,-0.5789473684210521,1.5000000000000007,-0.49999999999999944
340,2.0476190476190474,-0.75,0.7058823529411765,0.28571428571428525,-0.6190476190476192,-0.21428571428571427,-0.38095238095238093,1.5,-1.0,3.111111111111112,-0.6250000000000001
346,-0.6190476190476195,1.2291666666666665,-0.7058823529411766,0.7142857142857141,-0.33333333333333376,0.2857142857142857,-0.07142857142857142,-0.5454545454545409,1.4210526315789478,1.5000000000000007,1.312500000000001
537,0.09523809523809491,1.270833333333333,-0.05882352941176476,-0.14285714285714296,0.23809523809523842,-0.5714285714285714,-0.5714285714285714,0.22727272727270434,0.3157894736842109,0.8333333333333337,0.31250000000000006
1434,1.095238095238095,0.08333333333333341,0.3235294117647059,18.85714285714285,6.4285714285714315,3.0,1.380952380952381,3.1772727272727295,-0.6842105263157892,0.8333333333333337,-0.7499999999999997
484,1.2857142857142856,-0.3333333333333334,1.235294117647059,2.7142857142857126,1.6666666666666676,-0.5,-0.30952380952380953,0.1363636363636226,-1.3157894736842108,0.2222222222222225,2.0000000000000013
468,1.666666666666667,-0.6666666666666669,1.2647058823529411,-0.14285714285714296,0.5238095238095238,-0.5,-0.38095238095238093,1.5,-0.7368421052631587,0.0,-0.6250000000000001
1593,-0.5238095238095242,0.4166666666666666,-0.5294117647058824,-0.4285714285714288,-0.5238095238095238,1.0714285714285714,0.023809523809523808,-0.08636363636364783,0.5789473684210521,1.1111111111111112,-0.43749999999999967
542,0.666666666666667,0.8124999999999998,-0.05882352941176476,-0.14285714285714296,-0.4285714285714285,-0.5714285714285714,-0.40476190476190477,-0.04545454545454087,-1.0,-0.16666666666666688,-0.18749999999999936
764,0.5714285714285712,0.6666666666666669,-0.4411764705882354,0.8571428571428564,0.6666666666666669,-0.14285714285714285,0.16666666666666666,0.9909090909090817,0.0,-0.38888888888888873,-0.43749999999999967
202,-0.5238095238095242,-0.08333333333333341,-0.4411764705882354,-1.0,-0.19047619047619072,0.21428571428571427,0.2857142857142857,-0.5681818181818618,0.26315789473684126,0.944444444444445,-0.43749999999999967
708,-0.04761904761904788,0.10416666666666677,-0.41176470588235303,0.4285714285714282,-0.5238095238095238,-0.14285714285714285,-0.047619047619047616,-0.31818181818183655,0.15789473684210428,-0.05555555555555562,0.8750000000000004
969,-0.5714285714285716,0.16666666666666682,-0.5000000000000001,0.9999999999999993,0.0,-0.42857142857142855,-0.35714285714285715,-0.004545454545484365,0.7894736842105261,-0.05555555555555562,0.0
342,1.4285714285714288,-0.5416666666666667,0.6176470588235293,-0.5714285714285715,1.8571428571428577,-0.5,-0.5476190476190477,0.6818181818181634,-0.05263157894736965,0.7222222222222225,-0.24999999999999917
175,-0.4761904761904763,-0.08333333333333341,-0.6470588235294118,-1.0,0.2857142857142861,0.42857142857142855,0.2857142857142857,-0.4090909090909183,0.21052631578947392,0.8888888888888894,-0.43749999999999967
264,2.1904761904761907,0.16666666666666682,0.6764705882352942,0.28571428571428525,-0.7142857142857145,-0.5714285714285714,-0.23809523809523808,1.454545454545459,-1.210526315789474,1.3888888888888893,0.4375000000000008
152,-0.1904761904761907,0.3333333333333332,-0.6764705882352942,-0.5714285714285715,0.7619047619047622,0.8571428571428571,1.4761904761904763,-0.7727272727272957,0.21052631578947392,-0.44444444444444436,-0.06249999999999979
66,-0.1904761904761907,0.0,-0.4411764705882354,-1.0,0.0,-0.14285714285714285,0.047619047619047616,0.04545454545454087,0.5789473684210521,-0.2222222222222225,-0.37499999999999983
814,2.238095238095238,-0.45833333333333354,0.8235294117647061,0.8571428571428564,1.142857142857143,0.42857142857142855,0.09523809523809523,1.2227272727272704,-0.5263157894736848,0.7777777777777781,0.687500000000001
1020,1.6190476190476195,-0.6666666666666669,1.1764705882352944,0.28571428571428525,2.0952380952380962,-0.7142857142857143,-0.6904761904761905,-0.1272727272727548,-0.5789473684210521,-0.5,1.0625000000000009
1095,0.7142857142857144,-0.5,0.6176470588235293,0.4285714285714282,0.3809523809523808,-0.5,-0.40476190476190477,0.4636363636363774,-0.8421052631578957,-0.6666666666666669,0.1875000000000005
795,1.3809523809523814,1.5416666666666667,0.11764705882352937,0.5714285714285712,2.523809523809525,-0.42857142857142855,0.5476190476190477,0.5272727272727044,-1.6842105263157892,3.111111111111112,0.0
232,0.2857142857142856,-0.6250000000000001,-0.17647058823529413,0.8571428571428564,0.5238095238095238,0.35714285714285715,0.5,0.5909090909090817,0.15789473684210428,0.44444444444444436,-0.37499999999999983
378,1.666666666666667,0.43749999999999994,1.1764705882352944,5.714285714285713,0.4285714285714285,-0.5,-0.30952380952380953,0.9545454545454591,-1.0526315789473697,2.0555555555555562,1.9375000000000013
208,-0.04761904761904788,-0.3333333333333334,0.05882352941176476,0.7142857142857141,1.0000000000000007,0.35714285714285715,1.380952380952381,-0.04545454545454087,-0.47368421052631515,0.2777777777777781,-0.49999999999999944
1350,0.5238095238095237,0.3333333333333332,0.08823529411764698,-0.2857142857142859,-0.47619047619047616,1.3571428571428572,0.8571428571428571,-0.07272727272729566,0.15789473684210428,-0.2777777777777781,-0.12499999999999958
53,0.33333333333333304,-0.5833333333333334,0.2941176470588235,1.1428571428571423,0.09523809523809536,1.2142857142857142,1.9523809523809523,0.1363636363636226,-0.5789473684210521,-0.33333333333333315,-0.49999999999999944
1014,0.04761904761904746,0.24999999999999978,-0.2941176470588236,-0.2857142857142859,1.952380952380953,-0.7142857142857143,-0.7142857142857143,-0.9818181818182139,-0.47368421052631515,-0.2222222222222225,0.6250000000000001
847,-0.23809523809523814,0.6666666666666669,-0.2941176470588236,-0.5714285714285715,-0.04761904761904768,-0.07142857142857142,0.047619047619047616,0.45454545454545914,1.0,0.44444444444444436,-0.18749999999999936
350,1.333333333333333,0.6250000000000001,-0.11764705882352945,0.7142857142857141,1.3333333333333337,0.2857142857142857,-0.07142857142857142,1.6818181818181634,-0.15789473684210661,2.0000000000000004,-0.18749999999999936
485,1.095238095238095,0.6250000000000001,0.3823529411764706,-0.4285714285714288,-1.1904761904761911,-0.5,-0.47619047619047616,0.4090909090909183,-0.7368421052631587,-0.8333333333333337,-0.12499999999999958
938,-0.3333333333333335,-0.5833333333333334,0.35294117647058826,0.8571428571428564,-0.5238095238095238,0.7142857142857143,0.11904761904761904,-1.4272727272727548,0.15789473684210428,0.5555555555555556,1.687500000000001
1551,-0.3809523809523814,0.6250000000000001,-0.7647058823529412,0.14285714285714232,0.19047619047619072,0.35714285714285715,-0.23809523809523808,0.4454545454545409,0.6842105263157892,-0.44444444444444436,-0.49999999999999944
381,2.761904761904762,-0.43750000000000017,1.235294117647059,0.9999999999999993,0.2857142857142861,0.2857142857142857,0.14285714285714285,2.136363636363673,-1.3157894736842108,1.0000000000000007,-0.12499999999999958
613,0.14285714285714238,-0.5416666666666667,0.35294117647058826,-1.0,-1.0000000000000002,-0.21428571428571427,-0.19047619047619047,-0.2272727272727548,-0.2631578947368436,0.6666666666666669,-0.24999999999999917
1264,0.2857142857142856,-0.6250000000000001,0.17647058823529413,-0.5714285714285715,-0.6190476190476192,0.9285714285714286,0.3333333333333333,-0.9727272727272956,0.3684210526315782,0.5555555555555556,1.000000000000001
480,1.2857142857142856,-1.0,0.3823529411764706,18.999999999999996,-0.47619047619047616,-0.5,-0.3333333333333333,2.6818181818181634,-1.0,0.2222222222222225,-0.6250000000000001
830,-0.1904761904761907,0.6875000000000002,-0.5588235294117647,0.4285714285714282,-1.0000000000000002,-0.5714285714285714,-0.6666666666666666,-0.17272727272729566,0.3684210526315782,-0.38888888888888873,0.4375000000000008
968,0.5238095238095237,-0.5,0.5,0.28571428571428525,-0.5238095238095238,1.1428571428571428,0.21428571428571427,-1.0909090909091321,-0.5789473684210521,-0.11111111111111124,1.2500000000000002
980,0.5714285714285712,-0.08333333333333341,0.11764705882352937,-0.4285714285714288,-0.6666666666666669,-0.35714285714285715,-0.47619047619047616,0.4727272727272452,0.052631578947367315,0.5,0.1875000000000005
1163,0.5238095238095237,1.1041666666666667,-0.05882352941176476,-0.7142857142857144,-0.04761904761904768,-0.21428571428571427,-0.38095238095238093,0.1,-0.10526315789473696,0.2777777777777781,-0.12499999999999958
1179,0.14285714285714238,-0.7083333333333335,0.20588235294117652,0.28571428571428525,-0.14285714285714304,-0.14285714285714285,0.23809523809523808,-0.3227272727272704,-0.21052631578947392,1.0555555555555562,0.5000000000000006
871,-0.4761904761904763,0.16666666666666682,-0.6764705882352942,-1.0,0.3333333333333331,1.6428571428571428,0.21428571428571427,-0.6727272727272957,1.1578947368421042,-0.2777777777777781,0.2500000000000003
99,0.09523809523809491,0.10416666666666677,-0.2352941176470589,-0.4285714285714288,0.04761904761904768,0.0,-0.047619047619047616,0.22727272727270434,-0.05263157894736965,-0.16666666666666688,-0.7499999999999997
308,1.1428571428571432,-0.3750000000000001,0.5294117647058824,0.28571428571428525,6.4285714285714315,-0.5714285714285714,-0.5952380952380952,1.2272727272727044,-0.6315789473684218,0.05555555555555562,-0.43749999999999967
418,1.904761904761905,-0.5833333333333334,0.7352941176470589,-0.2857142857142859,2.0000000000000004,-0.42857142857142855,-0.40476190476190477,1.3181818181818366,-0.3684210526315782,0.7777777777777781,0.1250000000000007
452,-0.5238095238095242,0.16666666666666682,-0.6764705882352942,-0.7142857142857144,0.23809523809523842,0.35714285714285715,-0.047619047619047616,0.04545454545454087,0.6842105263157892,0.05555555555555562,-0.12499999999999958
417,-0.4285714285714288,0.24999999999999978,-0.41176470588235303,-0.4285714285714288,0.5714285714285715,1.5,2.0714285714285716,-0.5,0.6842105263157892,-0.7777777777777781,0.1875000000000005
961,-0.3809523809523814,0.16666666666666682,-0.35294117647058826,-0.8571428571428571,-0.04761904761904768,-0.42857142857142855,-0.4523809523809524,-0.35454545454545916,-0.21052631578947392,0.0,-0.5624999999999992
801,0.33333333333333304,0.1250000000000001,-0.5000000000000001,1.5714285714285705,-0.5238095238095238,-0.35714285714285715,-0.47619047619047616,0.29545454545451566,-0.42105263157894784,-1.0000000000000002,-0.12499999999999958
1009,0.8095238095238093,-0.08333333333333341,0.2941176470588235,0.8571428571428564,1.761904761904763,0.9285714285714286,0.42857142857142855,0.2363636363636226,-0.6842105263157892,0.33333333333333376,0.4375000000000008
722,-0.1428571428571432,-0.4166666666666668,-0.5294117647058824,0.7142857142857141,0.23809523809523842,0.14285714285714285,0.2619047619047619,0.04545454545454087,-0.5263157894736848,-0.16666666666666688,-0.12499999999999958
473,0.9523809523809526,-0.7083333333333335,0.8529411764705884,-0.14285714285714296,-0.80952380952381,-0.5714285714285714,-0.5476190476190477,0.18181818181816348,-0.2631578947368436,0.944444444444445,0.2500000000000003
416,1.2857142857142856,-0.16666666666666682,1.1176470588235294,0.0,1.5238095238095244,-0.5,-0.40476190476190477,0.1363636363636226,-0.2631578947368436,0.2222222222222225,0.9375000000000002
295,1.3809523809523814,-0.08333333333333341,0.5882352941176472,0.4285714285714282,-0.2857142857142861,-0.5714285714285714,-0.23809523809523808,1.545454545454541,-1.3684210526315805,0.11111111111111124,-0.43749999999999967
1443,-0.4761904761904763,0.24999999999999978,-0.17647058823529413,-0.6428571428571429,-1.0000000000000002,-0.35714285714285715,-0.35714285714285715,-1.581818181818214,0.3684210526315782,-0.7222222222222225,0.9375000000000002
633,1.0476190476190474,1.729166666666667,-0.11764705882352945,1.7142857142857135,1.2380952380952384,-0.14285714285714285,1.1666666666666667,1.9545454545454086,0.6315789473684218,0.11111111111111124,0.687500000000001
33,-0.4761904761904763,0.3541666666666665,-0.41176470588235303,12.14285714285714,-0.2857142857142861,1.9285714285714286,1.0952380952380953,1.1818181818181634,0.7368421052631587,-0.5555555555555556,-0.49999999999999944
600,0.14285714285714238,1.6458333333333335,0.02941176470588238,-0.14285714285714296,0.4285714285714285,-0.42857142857142855,-0.3333333333333333,-0.2272727272727548,-0.2631578947368436,-0.8333333333333337,-0.12499999999999958
1222,0.09523809523809491,0.041666666666666706,-0.11764705882352945,0.0,-0.04761904761904768,1.4285714285714286,1.2380952380952381,0.0363636363636226,-0.2631578947368436,-0.8888888888888891,-0.37499999999999983
858,1.8095238095238093,-1.0,0.6176470588235293,-0.7142857142857144,-1.1904761904761911,0.2857142857142857,-0.11904761904761904,0.0727272727272452,-0.8421052631578957,0.2777777777777781,0.2500000000000003
1580,-0.23809523809523814,-0.7083333333333335,0.20588235294117652,0.28571428571428525,-0.5238095238095238,-0.2857142857142857,-0.2619047619047619,-0.9090909090909183,0.26315789473684126,-0.11111111111111124,1.0625000000000009
394,2.2857142857142856,0.3333333333333332,1.147058823529412,0.14285714285714232,-0.7619047619047622,-0.5,-0.2857142857142857,1.3636363636363773,-1.4736842105263175,-0.2777777777777781,-0.18749999999999936
548,2.1428571428571432,-0.7083333333333335,0.6764705882352942,0.5714285714285712,0.0,1.0,0.7619047619047619,1.2272727272727044,-1.0,0.7222222222222225,0.1250000000000007
939,-0.8095238095238098,-0.25,-0.2647058823529412,-0.8571428571428571,-0.2857142857142861,-0.42857142857142855,-0.6190476190476191,-1.1136363636364026,1.5789473684210522,-0.44444444444444436,0.7500000000000009
1360,0.6190476190476186,0.08333333333333341,0.14705882352941174,0.14285714285714232,1.5714285714285723,-0.14285714285714285,0.023809523809523808,0.1318181818181887,-0.3684210526315782,-0.33333333333333315,0.4375000000000008
301,1.5238095238095237,-1.4166666666666667,0.6470588235294118,-1.0,-0.5238095238095238,-0.42857142857142855,-0.5238095238095238,0.2727272727272452,-0.47368421052631515,0.11111111111111124,-0.06249999999999979
1249,-0.3809523809523814,0.3333333333333332,-0.7352941176470589,0.14285714285714232,0.0,0.7857142857142857,0.0,-0.7090909090909183,0.47368421052631515,-0.05555555555555562,0.4375000000000008
899,0.1904761904761907,2.0833333333333335,-0.7058823529411766,1.7142857142857135,0.23809523809523842,-0.5,-0.6190476190476191,1.0090909090909184,0.894736842105263,-0.7222222222222225,0.5000000000000006
263,0.0,-0.6250000000000001,-0.08823529411764706,-0.5714285714285715,-0.09523809523809536,0.7142857142857143,0.2857142857142857,-0.18181818181821394,-0.15789473684210661,0.2777777777777781,-0.5624999999999992
1543,1.5238095238095237,-0.3333333333333334,0.47058823529411764,0.0,-0.7142857142857145,0.07142857142857142,-0.42857142857142855,0.4,-0.3157894736842109,-0.2777777777777781,0.1250000000000007
79,0.1904761904761907,0.43749999999999994,-0.17647058823529413,-1.0,0.04761904761904768,1.0,1.9523809523809523,0.22727272727270434,-0.7894736842105261,2.7777777777777795,-0.6874999999999999
87,-0.09523809523809534,-0.1250000000000001,0.0,-0.4285714285714288,-0.80952380952381,-0.2857142857142857,-0.14285714285714285,-0.04545454545454087,0.42105263157894784,0.11111111111111124,-0.37499999999999983
648,0.3809523809523805,-0.16666666666666682,0.11764705882352937,0.8571428571428564,-0.6190476190476192,-0.21428571428571427,-0.21428571428571427,-0.13636363636367307,0.10526315789473696,0.2777777777777781,0.6250000000000001
594,0.0,0.8333333333333331,-0.2647058823529412,0.5714285714285712,0.80952380952381,0.5,0.023809523809523808,0.5,0.47368421052631515,-0.5,-0.43749999999999967
681,0.04761904761904746,-0.2916666666666667,-0.08823529411764706,0.0,0.7142857142857145,0.21428571428571427,-0.19047619047619047,-0.2272727272727548,-0.5263157894736848,-0.7222222222222225,0.0
161,-0.1428571428571432,0.6666666666666669,-0.7058823529411766,-1.2857142857142856,-0.33333333333333376,-0.2857142857142857,-0.40476190476190477,-0.09090909090908174,-0.7368421052631587,2.5555555555555567,-0.6250000000000001
1185,-0.4285714285714288,-0.3750000000000001,0.11764705882352937,-0.2857142857142859,0.2857142857142861,-0.5,0.047619047619047616,-1.4727272727272958,0.10526315789473696,-0.8888888888888891,1.0625000000000009
1482,-0.3333333333333335,0.24999999999999978,0.8235294117647061,-0.14285714285714296,1.6666666666666676,-0.7142857142857143,-0.6666666666666666,0.22272727272727044,0.10526315789473696,-0.2777777777777781,0.0625000000000009
607,0.4285714285714288,-0.16666666666666682,0.4411764705882352,1.5714285714285705,0.6190476190476192,0.9285714285714286,0.35714285714285715,0.6818181818181634,0.0,-0.5,0.1875000000000005
563,-0.1428571428571432,-0.9583333333333335,0.6764705882352942,0.7142857142857141,0.6190476190476192,0.8571428571428571,0.5476190476190477,0.18181818181816348,0.0,-0.05555555555555562,-0.06249999999999979
959,0.04761904761904746,0.29166666666666646,-0.6176470588235295,-0.2857142857142859,0.47619047619047616,-0.07142857142857142,-0.11904761904761904,0.29545454545451566,0.26315789473684126,-0.05555555555555562,-0.12499999999999958
453,1.1904761904761907,-0.7916666666666667,1.0882352941176472,0.8571428571428564,0.23809523809523842,-0.5714285714285714,-0.35714285714285715,1.4090909090909183,-0.2631578947368436,0.6666666666666669,0.6250000000000001
689,0.09523809523809491,-0.5833333333333334,0.6470588235294118,-0.5714285714285715,3.7142857142857157,-0.5714285714285714,-0.47619047619047616,0.4090909090909183,-0.05263157894736965,2.38888888888889,-0.49999999999999944
1516,-0.8571428571428577,-0.8333333333333334,-0.02941176470588238,0.14285714285714232,-0.38095238095238143,0.7142857142857143,0.5,-0.1681818181818113,0.5789473684210521,1.944444444444445,0.2500000000000003
1373,-0.09523809523809534,0.9583333333333333,0.02941176470588238,2.2857142857142847,1.4761904761904767,1.5,1.2380952380952381,-0.027272727272754798,-0.3684210526315782,-0.9444444444444446,-0.5624999999999992
862,-0.1904761904761907,-0.4166666666666668,0.17647058823529413,0.7142857142857141,-0.5714285714285715,-0.42857142857142855,-0.2857142857142857,-0.19090909090908173,-0.3684210526315782,-1.0000000000000002,0.1250000000000007
1287,0.04761904761904746,0.3333333333333332,-0.5294117647058824,0.5714285714285712,-1.0952380952380958,-0.7142857142857143,-0.7142857142857143,-1.7454545454545913,-0.47368421052631515,-1.3888888888888893,1.7500000000000009
103,0.09523809523809491,0.2291666666666664,-0.11764705882352945,-0.14285714285714296,-0.09523809523809536,-0.07142857142857142,0.6666666666666666,0.0,-0.10526315789473696,-0.6111111111111113,-0.6250000000000001
668,1.0,0.8749999999999999,0.5,0.14285714285714232,-0.952380952380953,0.14285714285714285,-0.14285714285714285,-0.04545454545454087,-0.8421052631578957,-0.2777777777777781,0.5000000000000006
1586,-0.1904761904761907,-0.8750000000000001,0.4411764705882352,0.28571428571428525,-0.6666666666666669,1.5,0.5476190476190477,-0.8090909090909183,0.15789473684210428,1.2777777777777781,0.7500000000000009
842,1.2857142857142856,-0.08333333333333341,0.5588235294117647,0.5714285714285712,1.9047619047619053,1.5,0.7380952380952381,0.1727272727272452,-0.42105263157894784,0.5555555555555556,0.4375000000000008
869,-0.1428571428571432,0.4583333333333333,-0.6764705882352942,-0.2857142857142859,0.04761904761904768,1.0,0.14285714285714285,-0.41818181818183653,0.6842105263157892,0.11111111111111124,0.4375000000000008
640,0.9523809523809526,0.08333333333333341,0.5588235294117647,0.14285714285714232,-0.38095238095238143,0.21428571428571427,0.07142857142857142,1.0909090909090817,0.42105263157894784,0.0,-0.49999999999999944
726,0.09523809523809491,0.8333333333333331,-0.5000000000000001,0.8571428571428564,0.23809523809523842,0.35714285714285715,0.2857142857142857,1.2272727272727044,0.6315789473684218,0.5555555555555556,0.5625000000000003
96,-0.5238095238095242,1.0625,-0.7647058823529412,1.1428571428571423,1.0952380952380953,-0.35714285714285715,-0.3333333333333333,-0.09090909090908174,0.7368421052631587,-0.33333333333333315,0.31250000000000006
1004,0.14285714285714238,-0.3750000000000001,0.08823529411764698,-0.8571428571428571,0.09523809523809536,1.0,0.19047619047619047,-0.3045454545454844,-0.3157894736842109,-0.44444444444444436,0.0625000000000009
1104,0.04761904761904746,-0.16666666666666682,0.2352941176470589,0.0,-0.2857142857142861,0.21428571428571427,-0.2857142857142857,-1.4090909090909183,-0.15789473684210661,0.2222222222222225,1.3750000000000009
456,0.4761904761904763,0.29166666666666646,0.3823529411764706,0.14285714285714232,0.7619047619047622,-0.5714285714285714,-0.35714285714285715,0.8636363636363774,0.3157894736842109,-0.2222222222222225,0.0625000000000009
1473,-0.8571428571428577,0.3333333333333332,-0.5294117647058824,-0.5714285714285715,-0.38095238095238143,0.07142857142857142,0.19047619047619047,-1.5181818181818365,0.3684210526315782,-0.44444444444444436,0.5000000000000006
1334,-0.3333333333333335,1.3124999999999998,-0.7647058823529412,-0.2857142857142859,4.142857142857145,-0.6428571428571429,-0.6190476190476191,-0.28181818181821394,0.42105263157894784,-0.5555555555555556,-0.12499999999999958
159,-0.5238095238095242,0.3333333333333332,-0.2352941176470589,-0.4285714285714288,0.0,0.35714285714285715,1.1666666666666667,0.04545454545454087,1.4736842105263153,-0.2777777777777781,-0.5624999999999992
694,0.5238095238095237,-0.20833333333333354,0.14705882352941174,0.7142857142857141,0.23809523809523842,0.7857142857142857,2.0952380952380953,0.7727272727272452,0.0,-0.05555555555555562,-0.49999999999999944
1306,0.8571428571428568,0.708333333333333,0.17647058823529413,0.4285714285714282,0.4285714285714285,0.6428571428571429,1.2857142857142858,0.5454545454545409,-0.10526315789473696,0.0,-0.06249999999999979
813,-0.4761904761904763,-0.5416666666666667,-0.05882352941176476,-0.14285714285714296,1.0952380952380953,-0.6428571428571429,-0.7142857142857143,-0.9454545454545913,0.6842105263157892,-0.2222222222222225,0.7500000000000009
169,-0.1904761904761907,0.7708333333333331,-0.05882352941176476,-0.5714285714285715,13.380952380952385,0.14285714285714285,0.6190476190476191,-0.13636363636367307,-1.6315789473684217,5.388888888888891,-0.43749999999999967
1556,-0.6190476190476195,1.5,-0.6470588235294118,0.0,-0.6190476190476192,-0.07142857142857142,-0.40476190476190477,-0.15454545454545912,1.1578947368421042,-0.33333333333333315,-0.18749999999999936
809,-0.1428571428571432,-0.16666666666666682,0.14705882352941174,0.8571428571428564,-0.4285714285714285,-0.6428571428571429,-0.5238095238095238,0.1045454545454339,-0.47368421052631515,-0.38888888888888873,0.0625000000000009
1518,-0.23809523809523814,-0.20833333333333354,0.5882352941176472,0.0,1.6666666666666676,-0.42857142857142855,-0.40476190476190477,-0.10454545454548436,0.052631578947367315,0.05555555555555562,0.1875000000000005
134,0.0,2.166666666666667,-0.6176470588235295,0.0,0.23809523809523842,0.0,-0.19047619047619047,-0.3636363636363774,-0.47368421052631515,-0.38888888888888873,-0.18749999999999936
1370,0.3809523809523805,1.0833333333333335,0.7352941176470589,-0.7142857142857144,16.000000000000004,-0.07142857142857142,0.6904761904761905,-0.21363636363640262,-1.6315789473684217,3.0555555555555562,-0.6250000000000001
279,0.4761904761904763,-0.5,0.17647058823529413,4.857142857142855,0.3809523809523808,-0.21428571428571427,0.23809523809523808,1.0909090909090817,0.3684210526315782,0.8333333333333337,0.1875000000000005
816,0.9047619047619051,-0.041666666666666706,-0.20588235294117652,1.4285714285714282,0.09523809523809536,-0.35714285714285715,-0.16666666666666666,0.7727272727272452,-0.42105263157894784,-0.2222222222222225,0.1875000000000005
534,1.0,-0.16666666666666682,-0.05882352941176476,0.7142857142857141,1.0952380952380953,0.0,-0.11904761904761904,1.5,-0.15789473684210661,-0.33333333333333315,-0.12499999999999958
1274,-0.04761904761904788,0.24999999999999978,-0.3823529411764706,-0.14285714285714296,1.0952380952380953,0.2857142857142857,-0.023809523809523808,-1.0454545454545914,-0.3684210526315782,-0.5,0.6250000000000001
506,1.1904761904761907,-1.1666666666666667,0.5882352941176472,-0.5714285714285715,-0.19047619047619072,-0.5,-0.38095238095238093,0.4090909090909183,-0.3157894736842109,2.222222222222223,0.375000000000001
7,-0.28571428571428603,0.5416666666666667,-0.7647058823529412,-1.4285714285714286,-0.6666666666666669,0.14285714285714285,-0.38095238095238093,-0.9545454545454591,0.42105263157894784,-0.8333333333333337,-0.12499999999999958
691,0.6190476190476186,1.6666666666666667,-0.05882352941176476,0.5714285714285712,0.3809523809523808,-0.07142857142857142,1.3333333333333333,1.4090909090909183,0.894736842105263,-0.44444444444444436,-0.24999999999999917
1034,0.4761904761904763,0.9374999999999999,-0.2352941176470589,0.4285714285714282,-0.09523809523809536,0.14285714285714285,0.2619047619047619,0.31363636363635217,-0.5789473684210521,-0.8333333333333337,-0.31250000000000006
171,0.04761904761904746,-0.4166666666666668,-0.2647058823529412,-0.2857142857142859,-0.2857142857142861,-0.5,-0.4523809523809524,0.22727272727270434,-0.10526315789473696,-0.05555555555555562,-0.6250000000000001
357,1.2380952380952381,-0.4166666666666668,1.1764705882352944,1.0714285714285712,1.761904761904763,-0.07142857142857142,-0.19047619047619047,0.1363636363636226,-0.3684210526315782,0.7222222222222225,0.9375000000000002
745,-0.28571428571428603,-0.041666666666666706,-0.2352941176470589,-0.14285714285714296,-0.4285714285714285,-0.07142857142857142,-0.21428571428571427,0.4454545454545409,1.105263157894737,0.6111111111111113,-0.43749999999999967
1315,-0.1904761904761907,0.4583333333333333,0.02941176470588238,-0.2857142857142859,0.19047619047619072,0.2857142857142857,1.2857142857142858,-0.24545454545454087,-0.2631578947368436,-0.2222222222222225,-0.24999999999999917
1223,1.2380952380952381,-0.6666666666666669,0.6176470588235293,0.0,-0.23809523809523842,-0.2857142857142857,-0.3333333333333333,-0.14545454545454087,-0.42105263157894784,0.7777777777777781,1.1250000000000007
1028,-0.3333333333333335,-0.75,-0.14705882352941183,0.4285714285714282,-0.19047619047619072,2.0,0.7380952380952381,-0.3818181818182139,0.3157894736842109,-0.44444444444444436,-0.06249999999999979
635,0.3809523809523805,1.3333333333333333,-0.7647058823529412,-1.142857142857143,-0.6666666666666669,0.7857142857142857,-0.09523809523809523,-0.5909090909091322,-0.21052631578947392,-0.38888888888888873,-0.31250000000000006
1149,1.0,-0.7083333333333335,0.6176470588235293,-0.2857142857142859,-0.8571428571428577,-0.5,-0.6190476190476191,-0.38636363636364784,-0.42105263157894784,-0.5555555555555556,1.1250000000000007
57,-0.1904761904761907,0.4583333333333333,-0.41176470588235303,4.1428571428571415,1.5238095238095244,2.642857142857143,1.7380952380952381,0.7272727272727043,-0.2631578947368436,0.8333333333333337,-0.49999999999999944
876,-0.3809523809523814,-0.20833333333333354,-0.7647058823529412,0.0,-0.5714285714285715,-0.42857142857142855,-0.5476190476190477,-0.6954545454545661,0.47368421052631515,-0.2222222222222225,0.4375000000000008
305,1.1428571428571432,0.041666666666666706,0.6470588235294118,0.4285714285714282,-0.7619047619047622,-0.5,-0.2857142857142857,1.4090909090909183,-1.0,-0.16666666666666688,-0.5624999999999992
1191,-0.666666666666667,1.5208333333333333,-0.7647058823529412,0.14285714285714232,4.142857142857145,-0.5,-0.5952380952380952,-0.540909090909107,1.3157894736842108,-0.6111111111111113,0.375000000000001
235,-0.3333333333333335,0.4583333333333333,-0.7647058823529412,-0.4285714285714288,0.8571428571428577,0.07142857142857142,0.023809523809523808,0.022727272727270435,0.3157894736842109,-0.2222222222222225,-0.7499999999999997
903,-0.5238095238095242,0.29166666666666646,-0.5882352941176472,5.428571428571427,-0.9047619047619053,-0.14285714285714285,-0.4523809523809524,-0.2272727272727548,0.5263157894736848,-0.16666666666666688,0.375000000000001
634,0.0,-0.7083333333333335,-0.14705882352941183,-0.4285714285714288,-0.2857142857142861,2.357142857142857,1.5476190476190477,-0.13636363636367307,-0.21052631578947392,-0.2222222222222225,-0.43749999999999967
772,0.7619047619047619,0.20833333333333307,0.02941176470588238,0.14285714285714232,0.14285714285714304,0.7142857142857143,2.5476190476190474,0.5090909090909183,-0.21052631578947392,-0.38888888888888873,-0.49999999999999944
863,-0.3333333333333335,0.4166666666666666,-0.5882352941176472,0.4285714285714282,-0.04761904761904768,0.2857142857142857,1.119047619047619,0.34545454545454085,1.0526315789473673,-0.5,-0.31250000000000006
1405,-0.09523809523809534,-1.0,0.11764705882352937,-0.2857142857142859,-0.80952380952381,0.35714285714285715,-0.07142857142857142,-0.681818181818214,-0.15789473684210661,1.5555555555555562,0.687500000000001
1071,-0.1904761904761907,1.0416666666666667,-0.17647058823529413,8.428571428571425,0.9047619047619053,1.2142857142857142,1.3095238095238095,1.0090909090909184,-0.5789473684210521,-0.2222222222222225,-0.6250000000000001
1524,-0.9047619047619051,-0.4166666666666668,-0.20588235294117652,-0.2857142857142859,-0.19047619047619072,0.6428571428571429,0.23809523809523808,-0.6727272727272957,0.42105263157894784,0.8888888888888894,-0.12499999999999958
1430,-0.23809523809523814,-0.45833333333333354,-0.05882352941176476,-0.5714285714285715,-0.6190476190476192,0.35714285714285715,0.23809523809523808,-0.5,0.3157894736842109,0.0,0.1250000000000007
798,0.7142857142857144,-0.08333333333333341,0.2352941176470589,1.9999999999999993,0.14285714285714304,-0.5714285714285714,-0.5476190476190477,0.9090909090909183,-0.10526315789473696,-0.5555555555555556,0.31250000000000006
1,-0.04761904761904788,1.5,-0.7647058823529412,0.5714285714285712,0.9047619047619053,0.8571428571428571,0.7142857142857143,0.04545454545454087,-0.5789473684210521,0.33333333333333376,-0.24999999999999917
819,0.5714285714285712,0.5833333333333334,-0.32352941176470595,1.4285714285714282,0.8571428571428577,-0.2857142857142857,0.5238095238095238,1.3909090909090818,-0.15789473684210661,-0.44444444444444436,-0.37499999999999983
432,1.904761904761905,-0.6250000000000001,1.2647058823529411,0.14285714285714232,-0.04761904761904768,-0.07142857142857142,-0.30952380952380953,-0.4090909090909183,-1.6315789473684217,0.16666666666666688,1.6250000000000013
585,-0.1428571428571432,-0.041666666666666706,-0.05882352941176476,0.28571428571428525,0.5714285714285715,-0.35714285714285715,0.023809523809523808,0.5909090909090817,0.8421052631578957,0.2222222222222225,-0.37499999999999983
1260,0.33333333333333304,0.47916666666666663,1.235294117647059,-0.5714285714285715,15.428571428571436,0.42857142857142855,0.4523809523809524,-0.17272727272729566,-1.5263157894736847,2.944444444444445,-0.5624999999999992
1207,0.9523809523809526,0.8333333333333331,0.8529411764705884,-0.7142857142857144,2.7142857142857157,0.7857142857142857,0.35714285714285715,0.3727272727272452,0.21052631578947392,1.7777777777777781,-0.12499999999999958
1503,-0.8095238095238098,-0.3333333333333334,0.3823529411764706,0.4285714285714282,-0.09523809523809536,-0.5,-0.5476190476190477,-0.5227272727272705,1.0526315789473673,0.38888888888888873,0.5000000000000006
82,-0.23809523809523814,-0.08333333333333341,0.6176470588235293,-0.2857142857142859,0.3333333333333331,0.5714285714285714,0.8571428571428571,0.1363636363636226,0.26315789473684126,-0.2777777777777781,-0.6874999999999999
1008,0.4761904761904763,-0.7083333333333335,0.41176470588235303,1.9999999999999993,1.4761904761904767,-0.07142857142857142,-0.30952380952380953,-0.5500000000000252,-0.42105263157894784,0.44444444444444436,1.1250000000000007
122,-0.28571428571428603,0.7291666666666664,-0.7647058823529412,0.4285714285714282,-0.19047619047619072,-0.7142857142857143,-0.5714285714285714,0.5909090909090817,0.9473684210526326,-0.5555555555555556,-0.6250000000000001
1347,-0.3333333333333335,0.5625000000000001,-0.6764705882352942,-0.5714285714285715,-0.04761904761904768,-0.42857142857142855,-0.5952380952380952,-0.3772727272727296,0.15789473684210428,-1.2777777777777781,-0.43749999999999967
717,-0.1428571428571432,-0.25,-0.4411764705882354,0.5714285714285712,0.0,-0.07142857142857142,0.2857142857142857,0.04545454545454087,-0.5263157894736848,-0.2777777777777781,-0.12499999999999958
561,0.5238095238095237,-0.3333333333333334,0.6764705882352942,0.28571428571428525,-0.04761904761904768,0.9285714285714286,2.0,0.5,-0.42105263157894784,-0.2222222222222225,-0.6250000000000001
1439,-0.28571428571428603,0.6250000000000001,-0.7058823529411766,0.0,-0.33333333333333376,1.2857142857142858,1.3095238095238095,-0.47272727272729564,0.052631578947367315,0.33333333333333376,0.5416666666666882
107,-0.8095238095238098,0.4583333333333333,0.14705882352941174,-0.7142857142857144,0.4285714285714285,0.14285714285714285,0.6428571428571429,0.09090909090908174,0.7894736842105261,0.944444444444445,-0.5624999999999992
207,-0.04761904761904788,0.20833333333333307,0.14705882352941174,-0.5714285714285715,-0.47619047619047616,0.9285714285714286,1.9761904761904763,-0.20454545454548437,-0.10526315789473696,-0.5,-0.5624999999999992
905,0.6190476190476186,0.24999999999999978,-0.17647058823529413,1.1428571428571423,0.09523809523809536,0.14285714285714285,1.8571428571428572,0.5909090909090817,-0.42105263157894784,-0.16666666666666688,-0.43749999999999967
20,0.4761904761904763,-1.2500000000000002,0.6470588235294118,-0.5714285714285715,-0.09523809523809536,1.1428571428571428,0.5476190476190477,0.04545454545454087,0.42105263157894784,-0.5,-0.49999999999999944
549,0.5238095238095237,0.041666666666666706,0.6764705882352942,-0.4285714285714288,4.380952380952383,-0.5,-0.2857142857142857,0.3636363636363774,-0.21052631578947392,-0.05555555555555562,-0.49999999999999944
1544,0.23809523809523814,-0.6250000000000001,0.5,0.14285714285714232,-0.7619047619047622,-0.07142857142857142,-0.42857142857142855,-0.5454545454545409,-0.7368421052631587,1.0555555555555562,0.6250000000000001
560,2.2857142857142856,0.3333333333333332,0.6764705882352942,0.8571428571428564,-0.19047619047619072,-0.5714285714285714,-0.42857142857142855,1.2272727272727044,-0.894736842105263,-0.2777777777777781,0.7500000000000009
875,0.4285714285714288,-0.8750000000000001,0.41176470588235303,0.8571428571428564,1.428571428571429,-0.42857142857142855,-0.5,-0.2545454545454591,0.0,0.944444444444445,1.000000000000001
527,-0.4285714285714288,-0.5833333333333334,0.6764705882352942,0.4285714285714282,0.8571428571428577,1.4285714285714286,1.1428571428571428,-0.2272727272727548,0.42105263157894784,0.8333333333333337,0.7500000000000009
1548,1.5714285714285712,-0.5,0.7058823529411765,-0.2857142857142859,0.952380952380953,0.42857142857142855,0.30952380952380953,0.5136363636363521,-1.105263157894737,-0.2222222222222225,0.1250000000000007
245,-0.28571428571428603,0.5833333333333334,-0.7647058823529412,-0.2857142857142859,0.23809523809523842,-0.5,-0.3333333333333333,0.7272727272727043,1.5789473684210522,1.8888888888888893,-0.18749999999999936
1367,-0.4761904761904763,0.08333333333333341,0.11764705882352937,0.0,0.4285714285714285,-0.2857142857142857,1.619047619047619,0.24999999999997477,-0.3157894736842109,3.111111111111112,0.1875000000000005
1065,-0.09523809523809534,0.3749999999999999,-0.2352941176470589,0.28571428571428525,0.19047619047619072,-0.5,-0.40476190476190477,-0.18181818181821394,-0.10526315789473696,-0.11111111111111124,0.0
1245,-0.23809523809523814,0.1250000000000001,-0.20588235294117652,-0.5714285714285715,0.14285714285714304,0.14285714285714285,-0.07142857142857142,-0.0681818181818113,0.9473684210526326,0.33333333333333376,0.1875000000000005
1251,-0.1904761904761907,0.24999999999999978,-0.35294117647058826,0.0,-0.09523809523809536,1.0,0.5476190476190477,-0.18181818181821394,-0.15789473684210661,-0.16666666666666688,-0.24999999999999917
1130,0.5714285714285712,0.3333333333333332,-0.7647058823529412,-0.4285714285714288,-1.0000000000000002,-0.5714285714285714,-0.6428571428571429,0.45454545454545914,-0.6842105263157892,0.05555555555555562,0.1250000000000007
1114,-1.3809523809523814,-0.5,0.7058823529411765,2.9999999999999987,-1.5714285714285723,1.1428571428571428,1.0238095238095237,-2.9545454545455097,0.9473684210526326,0.2222222222222225,2.125000000000001
1267,1.1904761904761907,-0.3750000000000001,0.7058823529411765,0.14285714285714232,-0.5238095238095238,0.0,-0.42857142857142855,-0.31818181818183655,-1.105263157894737,1.3888888888888893,0.7500000000000009
1123,1.333333333333333,-0.5,0.3235294117647059,-0.4285714285714288,0.09523809523809536,0.2857142857142857,-0.19047619047619047,0.018181818181786068,-1.0,0.16666666666666688,0.6250000000000001
995,-0.09523809523809534,0.3333333333333332,-0.5882352941176472,-0.2857142857142859,0.0,0.42857142857142855,0.09523809523809523,0.12272727272727044,0.42105263157894784,0.0,-0.06249999999999979
1002,0.5714285714285712,-0.9583333333333335,0.20588235294117652,-0.21428571428571475,-0.7619047619047622,0.0,-0.23809523809523808,-0.7,-0.2631578947368436,1.2222222222222225,0.9375000000000002
1501,-0.04761904761904788,1.2499999999999998,0.08823529411764698,2.9999999999999987,0.19047619047619072,0.5714285714285714,0.6428571428571429,-0.1272727272727548,-0.7894736842105261,-0.5,-0.49999999999999944
466,1.1428571428571432,-0.08333333333333341,0.47058823529411764,-0.2857142857142859,-0.47619047619047616,0.5714285714285714,0.3333333333333333,0.6818181818181634,-0.7894736842105261,0.5555555555555556,0.8125000000000007
1075,0.5714285714285712,-1.1250000000000002,0.2352941176470589,-0.2857142857142859,-0.38095238095238143,2.2857142857142856,0.7142857142857143,0.44999999999997475,0.6842105263157892,1.3333333333333337,0.0
431,-0.04761904761904788,0.1250000000000001,0.2647058823529411,0.0,-0.23809523809523842,0.5714285714285714,0.6904761904761905,0.3181818181817861,-0.3157894736842109,-0.33333333333333315,-0.6250000000000001
1048,0.666666666666667,-0.1250000000000001,0.2941176470588235,-0.7142857142857144,0.09523809523809536,-0.7142857142857143,-0.5476190476190477,0.14545454545454087,-0.21052631578947392,0.8888888888888894,0.4375000000000008
36,-0.04761904761904788,0.3333333333333332,-0.35294117647058826,0.28571428571428525,0.3333333333333331,-0.7142857142857143,-0.5238095238095238,0.3636363636363774,0.5789473684210521,-0.11111111111111124,0.375000000000001
732,-0.28571428571428603,1.3124999999999998,-0.6764705882352942,-0.14285714285714296,0.6190476190476192,-0.21428571428571427,-0.42857142857142855,-0.04545454545454087,0.42105263157894784,-0.8333333333333337,-0.37499999999999983
1570,-0.7142857142857144,-0.6666666666666669,0.7941176470588237,0.0,7.190476190476195,0.42857142857142855,-0.047619047619047616,-1.5000000000000504,0.3157894736842109,1.7222222222222232,1.3750000000000009
130,0.04761904761904746,0.9374999999999999,0.8823529411764708,-0.2857142857142859,1.8571428571428577,1.2142857142857142,2.3095238095238093,0.04545454545454087,-0.3684210526315782,0.2222222222222225,-0.49999999999999944
619,1.6190476190476195,-0.6250000000000001,0.4411764705882352,0.14285714285714232,0.4285714285714285,-0.5,-0.5,0.9545454545454591,-1.1578947368421066,1.0000000000000007,-0.5624999999999992
437,1.5238095238095237,-0.2916666666666667,1.3823529411764706,1.4285714285714282,-0.6190476190476192,-0.5,-0.35714285714285715,0.8636363636363774,-0.7368421052631587,0.2222222222222225,0.6250000000000001
1358,-0.23809523809523814,0.5,-0.2647058823529412,4.57142857142857,4.238095238095241,2.7857142857142856,1.4523809523809523,0.3,-0.15789473684210661,-0.6666666666666669,-0.43749999999999967
1566,-0.5714285714285716,-1.5,1.1176470588235294,-0.14285714285714296,-0.952380952380953,0.7857142857142857,0.35714285714285715,-0.8,0.15789473684210428,0.5,0.6250000000000001
98,-0.1428571428571432,1.5833333333333335,-0.5882352941176472,0.4285714285714282,0.0,-0.5714285714285714,-0.6428571428571429,0.0,0.42105263157894784,-0.33333333333333315,-0.24999999999999917
463,0.09523809523809491,0.5833333333333334,1.2941176470588236,0.0,0.9047619047619053,0.8571428571428571,2.1904761904761907,0.22727272727270434,-1.210526315789474,-0.5,-0.7499999999999997
149,0.14285714285714238,-0.5,0.5294117647058824,0.8571428571428564,0.47619047619047616,-0.14285714285714285,0.14285714285714285,0.3636363636363774,1.1578947368421042,-0.05555555555555562,0.1875000000000005
1399,-0.3333333333333335,0.6250000000000001,-0.7647058823529412,0.0,-0.5238095238095238,-0.21428571428571427,-0.30952380952380953,-0.5,0.5789473684210521,0.5555555555555556,0.5625000000000003
529,0.9523809523809526,0.4583333333333333,-0.05882352941176476,0.28571428571428525,-0.09523809523809536,-0.5,-0.09523809523809523,0.3181818181817861,-1.1578947368421066,-0.2777777777777781,-0.49999999999999944
973,0.2857142857142856,-0.75,0.5294117647058824,-0.7142857142857144,0.0,-0.5,-0.5952380952380952,-0.2954545454545661,1.105263157894737,0.05555555555555562,0.31250000000000006
580,2.095238095238096,-0.08333333333333341,0.6764705882352942,0.0,0.47619047619047616,-0.5714285714285714,-0.5476190476190477,1.5909090909090817,-0.6315789473684218,-1.0000000000000002,-0.37499999999999983
1238,0.09523809523809491,0.8749999999999999,-0.7647058823529412,0.4285714285714282,0.09523809523809536,-0.07142857142857142,-0.30952380952380953,0.5818181818181635,0.3684210526315782,-0.8888888888888891,-0.37499999999999983
574,1.2857142857142856,-0.75,0.6764705882352942,1.4285714285714282,-0.04761904761904768,0.5,0.9761904761904762,1.1363636363636227,-0.6315789473684218,0.44444444444444436,-0.12499999999999958
336,0.4761904761904763,-0.3750000000000001,0.5588235294117647,-0.4285714285714288,-1.2857142857142865,-0.5,-0.5,-0.8636363636363774,0.21052631578947392,0.44444444444444436,1.4375000000000007
1342,-0.1428571428571432,0.08333333333333341,-0.7058823529411766,-0.7142857142857144,0.2857142857142861,0.2857142857142857,-0.14285714285714285,-0.3681818181818113,0.3157894736842109,-0.6111111111111113,0.1250000000000007
483,1.2857142857142856,-0.6666666666666669,1.0,0.0,3.4761904761904776,-0.42857142857142855,-0.4523809523809524,0.8636363636363774,-1.4210526315789478,2.4444444444444455,-0.49999999999999944
666,0.1904761904761907,-0.1250000000000001,0.2941176470588235,-0.5714285714285715,6.809523809523813,-0.5,-0.5,0.5909090909090817,-0.6842105263157892,-0.11111111111111124,-0.43749999999999967
929,0.3809523809523805,-0.7916666666666667,0.35294117647058826,1.5714285714285705,-0.7619047619047622,-0.21428571428571427,-0.42857142857142855,-0.9181818181818365,-0.05263157894736965,0.6111111111111113,1.1250000000000007
699,1.8571428571428577,-0.5833333333333334,0.8529411764705884,-0.14285714285714296,-0.38095238095238143,-0.5714285714285714,-0.42857142857142855,0.8636363636363774,-1.0526315789473697,0.0,0.375000000000001
1039,0.4761904761904763,-0.08333333333333341,-0.14705882352941183,0.0,0.4285714285714285,0.5714285714285714,0.047619047619047616,0.1,0.10526315789473696,1.166666666666667,0.5625000000000003
780,-0.4285714285714288,0.20833333333333307,-0.7647058823529412,-0.2857142857142859,5.285714285714288,-0.07142857142857142,0.19047619047619047,0.027272727272704335,0.0,-0.11111111111111124,-0.49999999999999944
1410,-0.6190476190476195,1.8333333333333333,-0.7647058823529412,-0.5714285714285715,0.14285714285714304,-0.5714285714285714,-0.5,-1.4090909090909183,1.0,-1.0000000000000002,1.0625000000000009
316,0.8095238095238093,0.16666666666666682,-0.08823529411764706,1.7142857142857135,1.0952380952380953,1.7142857142857142,1.3095238095238095,1.3181818181818366,-0.05263157894736965,0.16666666666666688,-0.06249999999999979
1525,-0.5714285714285716,-0.16666666666666682,-0.5294117647058824,-0.14285714285714296,-0.7142857142857145,0.35714285714285715,-0.07142857142857142,-0.536363636363673,0.10526315789473696,0.11111111111111124,-0.31250000000000006
1485,-0.4285714285714288,0.5625000000000001,-0.2941176470588236,-0.14285714285714296,-0.23809523809523842,-0.35714285714285715,-0.2857142857142857,-0.2909090909091322,0.3157894736842109,-0.38888888888888873,-0.31250000000000006
704,0.5714285714285712,1.0208333333333333,-0.6470588235294118,-0.8571428571428571,-0.04761904761904768,-0.6428571428571429,-0.5476190476190477,0.5909090909090817,-0.10526315789473696,-0.44444444444444436,-0.31250000000000006
972,1.0476190476190474,-0.5833333333333334,0.7058823529411765,0.28571428571428525,1.1904761904761907,-0.5,-0.5714285714285714,-0.12272727272727044,-0.47368421052631515,0.16666666666666688,0.8750000000000004
303,-0.23809523809523814,0.6250000000000001,-0.41176470588235303,-0.8571428571428571,5.095238095238098,-0.5714285714285714,-0.38095238095238093,-0.31818181818183655,0.42105263157894784,-0.44444444444444436,-0.43749999999999967
910,0.666666666666667,-0.5833333333333334,0.6470588235294118,2.2857142857142847,2.523809523809525,-0.7142857142857143,-0.6190476190476191,-0.42272727272727045,-0.42105263157894784,-0.2777777777777781,1.8750000000000004
867,-0.4761904761904763,-0.041666666666666706,-0.08823529411764706,-0.2857142857142859,-0.33333333333333376,0.0,-0.35714285714285715,-1.0545454545454591,0.47368421052631515,1.2222222222222225,0.6250000000000001
124,-0.04761904761904788,-0.08333333333333341,-0.2647058823529412,-0.8571428571428571,0.14285714285714304,0.5714285714285714,1.5476190476190477,-0.31818181818183655,0.42105263157894784,-0.7777777777777781,-0.43749999999999967
541,0.7619047619047619,-0.25,0.6764705882352942,5.857142857142855,-0.7142857142857145,-0.5714285714285714,-0.47619047619047616,0.9545454545454591,-0.5263157894736848,0.6111111111111113,0.5000000000000006
21,-0.1428571428571432,-0.5416666666666667,0.14705882352941174,0.14285714285714232,0.14285714285714304,0.7142857142857143,0.8095238095238095,0.6818181818181634,1.105263157894737,0.16666666666666688,-0.31250000000000006
750,0.1904761904761907,0.5416666666666667,-0.4705882352941177,0.9999999999999993,0.47619047619047616,0.2857142857142857,0.07142857142857142,0.6045454545454338,-0.10526315789473696,-0.38888888888888873,-0.43749999999999967
396,-0.6190476190476195,0.8958333333333333,-0.7058823529411766,8.14285714285714,2.0476190476190483,3.9285714285714284,2.0714285714285716,1.2272727272727044,0.8421052631578957,-0.5,-0.18749999999999936
741,0.6190476190476186,0.041666666666666706,-0.05882352941176476,0.5714285714285712,-0.04761904761904768,1.0714285714285714,2.4285714285714284,0.5363636363636226,-0.5263157894736848,-0.2777777777777781,-0.43749999999999967
1093,0.6190476190476186,-0.8750000000000001,0.2941176470588235,0.0,0.0,-0.14285714285714285,-0.14285714285714285,-0.25000000000002526,0.10526315789473696,1.3333333333333337,1.1250000000000007
924,0.33333333333333304,-0.20833333333333354,0.02941176470588238,0.14285714285714232,-1.1428571428571435,0.07142857142857142,-0.21428571428571427,-0.7,-0.6842105263157892,1.0000000000000007,0.6250000000000001
1183,-0.5238095238095242,0.5833333333333334,-0.5588235294117647,-0.8571428571428571,-0.4285714285714285,0.21428571428571427,0.5714285714285714,-0.4454545454545409,-0.10526315789473696,-0.11111111111111124,-0.5624999999999992
1255,-0.8571428571428577,0.5,-0.7058823529411766,0.28571428571428525,-0.47619047619047616,0.9285714285714286,0.21428571428571427,-1.4181818181818366,0.8421052631578957,-0.9444444444444446,0.5000000000000006
31,-0.4761904761904763,0.6875000000000002,-0.7647058823529412,0.4285714285714282,1.2380952380952384,0.6428571428571429,0.0,-0.04545454545454087,0.7894736842105261,-0.2777777777777781,0.2500000000000003
256,0.7142857142857144,-0.75,0.3235294117647059,0.0,-0.19047619047619072,-0.5714285714285714,-0.5714285714285714,0.5909090909090817,-0.47368421052631515,0.0,-0.6250000000000001
1428,-0.04761904761904788,0.5,-0.7647058823529412,-0.4285714285714288,-0.33333333333333376,1.0,0.42857142857142855,-0.2272727272727548,0.0,0.05555555555555562,0.5000000000000006
1379,-0.1904761904761907,0.20833333333333307,-0.7058823529411766,0.5714285714285712,-0.09523809523809536,-0.14285714285714285,-0.047619047619047616,-0.5136363636364026,0.26315789473684126,0.0,0.375000000000001
90,0.0,0.0,0.0,-0.4285714285714288,0.0,2.0714285714285716,2.4523809523809526,-0.13636363636367307,-0.42105263157894784,-0.44444444444444436,-0.43749999999999967
820,-0.4285714285714288,0.6875000000000002,-0.7647058823529412,-0.4285714285714288,0.952380952380953,-0.2857142857142857,-0.35714285714285715,-0.2909090909091322,0.15789473684210428,-0.11111111111111124,-0.31250000000000006
1124,-0.666666666666667,0.24999999999999978,-0.7647058823529412,0.0,0.80952380952381,-0.7142857142857143,-0.5714285714285714,-0.5136363636364026,1.6315789473684217,0.0,0.8125000000000007
1406,0.14285714285714238,-1.1666666666666667,0.2352941176470589,4.1428571428571415,-0.80952380952381,-0.35714285714285715,-0.35714285714285715,0.3181818181817861,-0.47368421052631515,1.7777777777777781,0.4375000000000008
205,2.333333333333334,-0.9166666666666669,1.411764705882353,0.5714285714285712,0.7619047619047622,-0.2857142857142857,-0.21428571428571427,1.2272727272727044,-0.5789473684210521,0.8333333333333337,0.375000000000001
151,0.6190476190476186,0.0,2.1764705882352944,1.7142857142857135,25.2857142857143,1.3571428571428572,0.7619047619047619,1.3181818181818366,-3.0,7.666666666666669,-0.49999999999999944
1003,-0.5238095238095242,-0.6666666666666669,0.17647058823529413,-0.5714285714285715,-0.5714285714285715,-0.6428571428571429,-0.6904761904761905,-1.7727272727272956,0.26315789473684126,-0.38888888888888873,1.6250000000000013
1594,-0.8095238095238098,0.3333333333333332,-0.5294117647058824,-0.2857142857142859,0.5238095238095238,1.3571428571428572,0.16666666666666666,-0.8181818181818366,0.7368421052631587,-0.2222222222222225,0.1875000000000005
397,1.7142857142857144,0.29166666666666646,0.9705882352941176,0.5714285714285712,0.3809523809523808,0.0,0.2857142857142857,0.9545454545454591,-0.6842105263157892,0.16666666666666688,0.5000000000000006
419,-0.5238095238095242,1.0416666666666667,-0.7647058823529412,-0.5714285714285715,-0.6190476190476192,1.5,0.35714285714285715,0.4090909090909183,1.6315789473684217,0.33333333333333376,-0.18749999999999936
503,1.2380952380952381,-1.0833333333333335,0.6176470588235293,-0.4285714285714288,-0.04761904761904768,-0.5,-0.30952380952380953,0.4090909090909183,-0.6842105263157892,2.3333333333333344,0.4375000000000008
767,-0.1904761904761907,0.3333333333333332,0.17647058823529413,0.7142857142857141,1.142857142857143,0.0,1.4523809523809523,1.2181818181818365,0.7368421052631587,0.0,-0.43749999999999967
25,-0.7619047619047623,-0.5416666666666667,-0.2941176470588236,-1.142857142857143,0.04761904761904768,-0.14285714285714285,-0.3333333333333333,-0.5454545454545409,0.15789473684210428,-0.33333333333333315,-0.5624999999999992
1033,-0.1904761904761907,0.20833333333333307,-0.5294117647058824,0.5714285714285712,0.47619047619047616,0.07142857142857142,-0.23809523809523808,-0.35454545454545916,-0.05263157894736965,-0.16666666666666688,0.1250000000000007
946,1.095238095238095,-0.3333333333333334,0.9411764705882353,2.7142857142857126,0.6190476190476192,-0.14285714285714285,-0.30952380952380953,0.3409090909090565,-0.10526315789473696,2.0555555555555562,1.1250000000000007
1550,-0.3809523809523814,0.6666666666666669,-0.7647058823529412,0.14285714285714232,0.3809523809523808,0.2857142857142857,-0.2619047619047619,0.5136363636363521,0.7368421052631587,-0.5,-0.43749999999999967
111,0.23809523809523814,0.4166666666666666,-0.5000000000000001,0.0,0.23809523809523842,-0.14285714285714285,1.6904761904761905,-0.13636363636367307,-0.8421052631578957,0.2222222222222225,-0.24999999999999917
212,1.7619047619047619,-0.3333333333333334,1.1176470588235294,-0.14285714285714296,-0.952380952380953,-0.5714285714285714,-0.5238095238095238,0.5909090909090817,-0.5263157894736848,0.2777777777777781,0.0
622,1.0,0.24999999999999978,-0.11764705882352945,-0.4285714285714288,0.04761904761904768,-0.2857142857142857,-0.11904761904761904,0.3181818181817861,-0.9473684210526326,-0.38888888888888873,-0.43749999999999967
638,-0.09523809523809534,1.6458333333333335,-0.41176470588235303,0.0,3.0476190476190483,-0.42857142857142855,-0.3333333333333333,-0.13636363636367307,0.21052631578947392,0.16666666666666688,0.0
116,0.1904761904761907,0.08333333333333341,0.05882352941176476,-0.4285714285714288,-0.09523809523809536,-0.14285714285714285,0.07142857142857142,0.5,0.42105263157894784,-0.05555555555555562,-0.12499999999999958
477,1.1904761904761907,-1.1666666666666667,0.6764705882352942,-0.5714285714285715,-0.19047619047619072,-0.5,-0.40476190476190477,0.45454545454545914,-0.6842105263157892,2.4444444444444455,0.5000000000000006
528,0.14285714285714238,-0.4166666666666668,0.6764705882352942,0.5714285714285712,0.23809523809523842,1.3571428571428572,0.42857142857142855,0.9545454545454591,0.15789473684210428,0.7222222222222225,-0.9375000000000002
744,1.5238095238095237,-0.5416666666666667,0.8235294117647061,0.7142857142857141,0.7619047619047622,0.5714285714285714,1.5238095238095237,1.545454545454541,-0.9473684210526326,-0.6111111111111113,-0.43749999999999967
454,-0.4285714285714288,-1.2083333333333335,0.41176470588235303,-0.8571428571428571,-0.7619047619047622,0.5714285714285714,0.7142857142857143,-0.681818181818214,1.0,0.05555555555555562,0.5625000000000003
371,0.0,-1.1666666666666667,0.41176470588235303,-0.8571428571428571,-1.0952380952380958,-0.14285714285714285,-0.2857142857142857,0.0,0.052631578947367315,1.3888888888888893,-0.9375000000000002
572,1.095238095238095,-1.1666666666666667,0.6764705882352942,0.28571428571428525,-0.19047619047619072,-0.21428571428571427,-0.21428571428571427,0.5,-0.894736842105263,-0.05555555555555562,0.1250000000000007
1595,-0.9523809523809526,0.1250000000000001,-0.4705882352941177,0.0,-0.80952380952381,1.8571428571428572,0.3333333333333333,-0.7181818181818366,1.105263157894737,0.7777777777777781,0.6250000000000001
599,2.2857142857142856,0.29166666666666646,0.5588235294117647,0.14285714285714232,0.14285714285714304,-0.14285714285714285,-0.35714285714285715,1.5,-1.6315789473684217,0.44444444444444436,-0.5624999999999992
1576,0.04761904761904746,-0.9166666666666669,1.0882352941176472,-0.8571428571428571,0.09523809523809536,0.21428571428571427,-0.19047619047619047,-0.37272727272729567,-0.05263157894736965,0.8888888888888894,0.375000000000001
1421,-0.1904761904761907,-0.5,-0.2352941176470589,-0.8571428571428571,0.0,0.7857142857142857,0.5,-0.09090909090908174,0.15789473684210428,-0.2222222222222225,-0.49999999999999944
909,-0.28571428571428603,-0.8958333333333335,0.3823529411764706,-1.4285714285714286,-0.952380952380953,-0.42857142857142855,-0.6190476190476191,-1.540909090909107,-0.10526315789473696,-0.5555555555555556,0.8125000000000007
1540,-0.8095238095238098,0.0,-0.5294117647058824,3.1428571428571423,-0.38095238095238143,-0.14285714285714285,-0.11904761904761904,-0.10909090909091827,1.3157894736842108,0.05555555555555562,0.8750000000000004
1426,-0.09523809523809534,-1.2083333333333335,0.3235294117647059,-0.5714285714285715,-1.5714285714285723,0.7142857142857143,0.5476190476190477,0.18181818181816348,0.5263157894736848,0.5,1.1875000000000004
0,-0.23809523809523814,0.7499999999999998,-0.7647058823529412,-0.4285714285714288,-0.14285714285714304,-0.14285714285714285,-0.07142857142857142,0.5,1.0526315789473673,-0.33333333333333315,-0.49999999999999944
915,0.33333333333333304,-0.8541666666666667,0.41176470588235303,0.0,0.0,-0.7142857142857143,-0.7380952380952381,-0.7181818181818366,-0.21052631578947392,0.2777777777777781,1.0625000000000009
265,1.8571428571428577,-1.0833333333333335,0.7647058823529412,-0.5714285714285715,-0.38095238095238143,-0.5,-0.6428571428571429,0.04545454545454087,-0.5789473684210521,0.5555555555555556,0.0
1508,-0.3809523809523814,-1.0416666666666667,1.0,-0.14285714285714296,-0.23809523809523842,0.2857142857142857,-0.2857142857142857,0.6545454545454591,0.3684210526315782,0.5555555555555556,0.2500000000000003
1038,0.3809523809523805,-0.45833333333333354,0.4411764705882352,5.714285714285713,-0.04761904761904768,0.8571428571428571,0.11904761904761904,-0.6363636363636731,-0.3684210526315782,0.8333333333333337,1.5000000000000007
261,-0.4285714285714288,1.8958333333333333,-0.6470588235294118,-0.2857142857142859,0.3809523809523808,-0.07142857142857142,0.7142857142857143,-0.47727272727272957,0.21052631578947392,-0.11111111111111124,-0.49999999999999944
1011,0.4761904761904763,-0.8333333333333334,0.14705882352941174,-0.2857142857142859,0.4285714285714285,-0.07142857142857142,-0.42857142857142855,-0.45454545454545914,-0.7368421052631587,-0.38888888888888873,0.1250000000000007
1397,-0.28571428571428603,0.29166666666666646,0.0,-0.2857142857142859,0.04761904761904768,0.2857142857142857,1.5952380952380953,-0.3909090909091322,-0.15789473684210661,-0.5555555555555556,-0.18749999999999936
1148,-0.04761904761904788,-0.5416666666666667,0.47058823529411764,-0.2857142857142859,0.3333333333333331,-0.2857142857142857,-0.38095238095238093,-0.6545454545454591,0.42105263157894784,0.2222222222222225,0.8750000000000004
356,1.7142857142857144,-0.45833333333333354,0.7647058823529412,1.1428571428571423,0.04761904761904768,1.1428571428571428,0.42857142857142855,1.545454545454541,-0.2631578947368436,1.444444444444445,0.5000000000000006
1395,0.33333333333333304,0.6875000000000002,-0.4705882352941177,-0.8571428571428571,0.6190476190476192,-0.7142857142857143,-0.5952380952380952,0.3409090909090565,0.0,0.16666666666666688,-0.4062499999999992
661,-0.1904761904761907,-0.4166666666666668,0.14705882352941174,-0.8571428571428571,0.04761904761904768,0.14285714285714285,0.11904761904761904,0.5,0.0,0.11111111111111124,-0.7499999999999997
370,-0.4761904761904763,1.0208333333333333,-0.7058823529411766,0.14285714285714232,-0.7619047619047622,1.5714285714285714,0.6190476190476191,0.3636363636363774,1.3684210526315783,0.8888888888888894,-0.18749999999999936
1239,-0.666666666666667,0.6250000000000001,-0.7647058823529412,2.9999999999999987,-1.0476190476190481,-0.14285714285714285,-0.40476190476190477,-0.8272727272727548,0.7368421052631587,-0.33333333333333315,1.000000000000001
224,0.23809523809523814,0.47916666666666663,0.2941176470588235,-0.2857142857142859,0.47619047619047616,0.14285714285714285,0.42857142857142855,0.3409090909090565,0.0,-0.2777777777777781,0.1250000000000007
651,0.9047619047619051,1.5,-0.02941176470588238,0.4285714285714282,1.1904761904761907,1.5714285714285714,2.8095238095238093,1.9545454545454086,0.5263157894736848,0.2777777777777781,0.6250000000000001
77,-0.5238095238095242,1.1041666666666667,-0.7647058823529412,0.28571428571428525,1.1904761904761907,0.07142857142857142,-0.16666666666666666,-0.04545454545454087,1.105263157894737,-0.38888888888888873,0.31250000000000006
958,-0.7142857142857144,0.20833333333333307,-0.41176470588235303,0.14285714285714232,1.952380952380953,0.8571428571428571,-0.023809523809523808,-0.6863636363636478,0.8421052631578957,0.5,0.687500000000001
1403,-0.3333333333333335,-0.7916666666666667,0.20588235294117652,-0.7142857142857144,-0.8571428571428577,-0.7142857142857143,-0.5714285714285714,-0.31818181818183655,-0.42105263157894784,2.6666666666666683,-0.12499999999999958
412,-0.3809523809523814,0.8958333333333333,-0.2941176470588236,-0.4285714285714288,1.0000000000000007,0.14285714285714285,0.9523809523809523,-0.04545454545454087,-0.21052631578947392,0.11111111111111124,-0.5624999999999992
1363,0.04761904761904746,1.2916666666666665,0.02941176470588238,-0.2857142857142859,0.04761904761904768,-0.14285714285714285,0.6190476190476191,-0.08181818181821393,-0.10526315789473696,-0.7777777777777781,-0.24999999999999917
332,0.04761904761904746,0.24999999999999978,0.05882352941176476,1.4285714285714282,-0.6190476190476192,0.5714285714285714,1.8333333333333333,0.2727272727272452,-0.47368421052631515,-0.44444444444444436,-0.49999999999999944
1487,-0.9047619047619051,0.5,-0.6176470588235295,-0.4285714285714288,-0.6190476190476192,-0.2857142857142857,-0.47619047619047616,-0.7909090909091322,1.105263157894737,0.8888888888888894,0.2500000000000003
1331,-0.04761904761904788,1.4583333333333333,0.0,2.2857142857142847,1.3333333333333337,1.2857142857142858,0.7142857142857143,-0.009090909090918267,-0.2631578947368436,-0.8888888888888891,-0.6250000000000001
46,-0.09523809523809534,1.729166666666667,0.5,0.0,1.6666666666666676,0.6428571428571429,1.8333333333333333,0.1363636363636226,-0.3157894736842109,0.6111111111111113,-0.6250000000000001
692,0.33333333333333304,-0.1250000000000001,0.7352941176470589,-0.2857142857142859,16.33333333333334,0.21428571428571427,0.5952380952380952,0.5454545454545409,-1.4736842105263175,3.0555555555555562,-0.7499999999999997
521,-0.1428571428571432,-0.45833333333333354,0.6764705882352942,-0.2857142857142859,0.4285714285714285,0.21428571428571427,0.14285714285714285,0.5909090909090817,0.894736842105263,0.11111111111111124,-0.6874999999999999
1297,-0.3333333333333335,0.041666666666666706,-0.35294117647058826,-0.14285714285714296,-0.7142857142857145,0.14285714285714285,-0.19047619047619047,-1.57727272727278,0.21052631578947392,-0.05555555555555562,1.1875000000000004
908,-0.23809523809523814,0.0,-0.3823529411764706,0.28571428571428525,-0.04761904761904768,1.5,0.5714285714285714,-0.6454545454545408,0.6315789473684218,-0.16666666666666688,0.375000000000001
1339,-0.1904761904761907,-0.041666666666666706,-0.7058823529411766,-0.7142857142857144,0.23809523809523842,0.0,-0.14285714285714285,-0.6,0.26315789473684126,-0.44444444444444436,0.1875000000000005
960,0.2857142857142856,-0.20833333333333354,0.02941176470588238,-0.4285714285714288,-1.0000000000000002,0.35714285714285715,0.023809523809523808,-0.6909090909091322,-0.7894736842105261,1.2777777777777781,0.5625000000000003
1376,0.14285714285714238,1.5208333333333333,-0.17647058823529413,-1.142857142857143,0.3333333333333331,-0.42857142857142855,-0.14285714285714285,-0.9545454545454591,-1.0526315789473697,-0.8888888888888891,-0.12499999999999958
64,-0.3333333333333335,0.8541666666666665,-0.6176470588235295,3.4999999999999996,0.3333333333333331,-0.6428571428571429,-0.6190476190476191,-0.2272727272727548,0.5263157894736848,-1.2777777777777781,0.4375000000000008
1288,-0.4285714285714288,0.3333333333333332,0.11764705882352937,3.2857142857142847,-0.5238095238095238,0.5,1.7380952380952381,1.1090909090909182,-0.05263157894736965,3.0555555555555562,0.0
421,-0.6190476190476195,1.3333333333333333,-0.6764705882352942,0.14285714285714232,-0.952380952380953,1.3571428571428572,0.2619047619047619,-0.681818181818214,1.105263157894737,-0.33333333333333315,1.312500000000001
1134,0.2857142857142856,-1.0,0.2647058823529411,-0.7142857142857144,-0.8571428571428577,-0.5,-0.5238095238095238,-0.6636363636363773,-0.05263157894736965,0.6666666666666669,1.000000000000001
1493,-0.09523809523809534,0.08333333333333341,0.0,-0.4285714285714288,0.47619047619047616,0.7142857142857143,2.619047619047619,-0.15454545454545912,-0.2631578947368436,-0.16666666666666688,-0.31250000000000006
665,0.7142857142857144,0.29166666666666646,-0.35294117647058826,-0.2857142857142859,0.23809523809523842,0.8571428571428571,0.2619047619047619,0.6363636363636226,-0.894736842105263,-0.33333333333333315,-0.31250000000000006
230,-1.285714285714286,-0.16666666666666682,-0.6470588235294118,-0.8571428571428571,-1.1904761904761911,0.42857142857142855,1.6428571428571428,-1.8181818181818366,1.210526315789474,0.0,1.2500000000000002
1462,-0.5238095238095242,0.5,-0.6764705882352942,0.14285714285714232,-0.19047619047619072,0.07142857142857142,-0.14285714285714285,-0.5681818181818618,0.26315789473684126,-0.2222222222222225,0.1250000000000007
623,0.0,-0.041666666666666706,-0.02941176470588238,0.9999999999999993,-0.09523809523809536,0.5714285714285714,0.19047619047619047,0.3181818181817861,0.9473684210526326,1.8888888888888893,1.1875000000000004
1293,-0.1904761904761907,0.9791666666666666,-0.7647058823529412,-0.4285714285714288,0.23809523809523842,-0.5,-0.5952380952380952,0.009090909090918267,0.15789473684210428,-0.7222222222222225,-0.31250000000000006
901,-0.23809523809523814,0.47916666666666663,-0.4705882352941177,0.28571428571428525,0.04761904761904768,0.21428571428571427,-0.09523809523809523,0.3,1.4210526315789478,0.38888888888888873,0.375000000000001
1382,0.04761904761904746,0.3333333333333332,-0.11764705882352945,-0.14285714285714296,0.04761904761904768,0.8571428571428571,1.619047619047619,-0.2590909090909435,-0.05263157894736965,-0.7222222222222225,-0.18749999999999936
1546,-0.4285714285714288,0.20833333333333307,-0.7058823529411766,-0.2857142857142859,-0.33333333333333376,0.2857142857142857,-0.2619047619047619,-0.4318181818181887,0.26315789473684126,-0.05555555555555562,0.0
1115,-0.4285714285714288,0.708333333333333,-0.5588235294117647,0.4285714285714282,0.5714285714285715,0.14285714285714285,-0.38095238095238093,-0.4454545454545409,0.3684210526315782,-0.11111111111111124,0.687500000000001
246,-0.3809523809523814,0.6666666666666669,-0.5588235294117647,-0.4285714285714288,-0.19047619047619072,0.21428571428571427,0.3333333333333333,0.0681818181818113,0.3684210526315782,-0.5555555555555556,-0.43749999999999967
793,-0.09523809523809534,0.3333333333333332,-0.7647058823529412,0.5714285714285712,-1.1428571428571435,-0.42857142857142855,-0.5714285714285714,-0.14090909090910697,0.3684210526315782,-0.33333333333333315,0.375000000000001
778,0.1904761904761907,-0.3750000000000001,0.11764705882352937,1.7142857142857135,0.0,-0.42857142857142855,-0.07142857142857142,0.5363636363636226,0.26315789473684126,-0.05555555555555562,0.1875000000000005
1489,-0.8095238095238098,0.20833333333333307,-0.4705882352941177,-0.14285714285714296,-1.4761904761904767,-0.6428571428571429,-0.6190476190476191,-1.0090909090909184,0.6842105263157892,0.7777777777777781,0.375000000000001
861,-1.0000000000000004,2.0416666666666665,1.1764705882352944,-0.2857142857142859,-1.9047619047619055,0.14285714285714285,1.2142857142857142,-1.4227272727273208,1.8421052631578958,-0.11111111111111124,0.8125000000000007
1262,0.9047619047619051,-0.2916666666666667,0.35294117647058826,0.4285714285714282,0.09523809523809536,1.5,0.6904761904761905,0.2545454545454591,-0.8421052631578957,-0.2222222222222225,-0.24999999999999917
727,-0.7142857142857144,0.20833333333333307,-0.7058823529411766,-0.5714285714285715,-0.5714285714285715,-0.6428571428571429,-0.6190476190476191,0.1363636363636226,0.7894736842105261,0.33333333333333376,-0.43749999999999967
163,-0.23809523809523814,0.3333333333333332,0.0,7.285714285714283,-0.4285714285714285,1.6428571428571428,2.0,0.6818181818181634,0.3157894736842109,-0.7222222222222225,-0.49999999999999944
360,0.14285714285714238,0.7499999999999998,-0.08823529411764706,-0.2857142857142859,0.952380952380953,0.07142857142857142,1.0476190476190477,0.2727272727272452,-0.6315789473684218,0.44444444444444436,-0.49999999999999944
1521,-0.4761904761904763,-0.16666666666666682,-0.17647058823529413,-0.4285714285714288,0.14285714285714304,-0.2857142857142857,-0.3333333333333333,-0.38636363636364784,0.42105263157894784,-1.055555555555556,-0.7187499999999992
436,0.04761904761904746,0.6250000000000001,0.11764705882352937,-0.2857142857142859,-0.9047619047619053,1.7857142857142858,0.5952380952380952,-0.4090909090909183,-0.2631578947368436,-0.33333333333333315,0.0
886,0.5238095238095237,1.1666666666666667,-0.41176470588235303,0.28571428571428525,0.19047619047619072,-0.35714285714285715,-0.21428571428571427,0.7545454545454592,0.10526315789473696,0.16666666666666688,0.1250000000000007
1495,-0.4285714285714288,-0.3750000000000001,-0.7058823529411766,-0.4285714285714288,0.04761904761904768,0.14285714285714285,-0.21428571428571427,-0.8090909090909183,0.21052631578947392,1.0555555555555562,0.2500000000000003
68,0.666666666666667,-0.8333333333333334,0.9117647058823528,-0.2857142857142859,-0.23809523809523842,1.0,0.6666666666666666,0.09090909090908174,-0.15789473684210661,0.944444444444445,0.31250000000000006
956,0.5238095238095237,-0.6666666666666669,0.7647058823529412,-0.14285714285714296,1.5238095238095244,-0.5714285714285714,-0.6428571428571429,-0.4636363636363774,0.0,0.0,0.687500000000001
126,0.14285714285714238,3.3750000000000004,-0.7647058823529412,-0.7142857142857144,0.09523809523809536,-0.7142857142857143,-0.5952380952380952,-0.13636363636367307,1.1578947368421042,-0.7222222222222225,0.4375000000000008
307,1.1428571428571432,-0.45833333333333354,0.47058823529411764,0.28571428571428525,6.380952380952384,-0.5,-0.5476190476190477,1.2272727272727044,-0.6315789473684218,0.0,-0.43749999999999967
89,-0.4285714285714288,0.4166666666666666,-0.5294117647058824,-0.5714285714285715,-0.14285714285714304,-0.35714285714285715,-0.30952380952380953,0.5,0.894736842105263,-0.5,-0.7499999999999997
286,1.9523809523809526,-0.2916666666666667,0.8529411764705884,-0.2857142857142859,-0.2857142857142861,0.8571428571428571,0.2857142857142857,1.3636363636363773,-1.105263157894737,0.7777777777777781,0.0625000000000009
833,1.7619047619047619,-0.20833333333333354,0.5294117647058824,-0.8571428571428571,3.238095238095239,1.6428571428571428,0.3333333333333333,0.7545454545454592,0.3684210526315782,1.3333333333333337,-0.18749999999999936
493,0.3809523809523805,0.708333333333333,0.14705882352941174,1.1428571428571423,0.3333333333333331,0.7142857142857143,1.0476190476190477,1.5909090909090817,0.894736842105263,0.6666666666666669,0.8750000000000004
825,-0.3809523809523814,-0.25,-0.35294117647058826,0.8571428571428564,-0.14285714285714304,0.14285714285714285,0.0,-0.20909090909091826,0.26315789473684126,-0.7222222222222225,0.31250000000000006
1452,-0.6190476190476195,0.24999999999999978,-0.7058823529411766,-0.2857142857142859,-0.80952380952381,1.7142857142857142,0.38095238095238093,-1.3454545454545914,0.21052631578947392,0.7777777777777781,0.8750000000000004
1234,-0.3809523809523814,0.9583333333333333,-0.7352941176470589,0.0,-0.952380952380953,-0.14285714285714285,-0.4523809523809524,-1.9454545454545913,0.42105263157894784,-1.2222222222222225,1.6250000000000013
1032,0.09523809523809491,1.2499999999999998,-0.7647058823529412,2.7142857142857126,0.7619047619047622,-0.5714285714285714,-0.5476190476190477,0.8363636363636227,0.26315789473684126,-0.5,-0.37499999999999983
123,0.04761904761904746,0.7916666666666665,-0.7647058823529412,0.5714285714285712,0.04761904761904768,-0.14285714285714285,-0.07142857142857142,0.4090909090909183,0.6842105263157892,-0.5,-0.43749999999999967
1302,0.5714285714285712,-0.6250000000000001,0.17647058823529413,-0.14285714285714296,-0.7142857142857145,-0.6428571428571429,-0.5238095238095238,-0.4272727272727548,-0.05263157894736965,1.0000000000000007,0.6250000000000001
1344,1.7142857142857144,-0.4166666666666668,0.6470588235294118,0.5714285714285712,-0.09523809523809536,-0.35714285714285715,-0.40476190476190477,0.8272727272727043,-1.1578947368421066,-0.5,0.5000000000000006
894,-0.3333333333333335,0.4583333333333333,-0.6764705882352942,0.0,0.04761904761904768,0.2857142857142857,1.2142857142857142,0.3409090909090565,1.1578947368421042,-0.2222222222222225,-0.24999999999999917
10,-0.5714285714285716,0.24999999999999978,-0.5294117647058824,-0.5714285714285715,0.8571428571428577,0.14285714285714285,0.6666666666666666,-0.3636363636363774,-0.15789473684210661,-0.44444444444444436,-0.6250000000000001
150,-0.28571428571428603,-0.7916666666666667,0.6176470588235293,-0.14285714285714296,-0.09523809523809536,-0.5714285714285714,-0.6190476190476191,-0.4090909090909183,0.10526315789473696,-0.5,0.0625000000000009
766,0.4285714285714288,0.29166666666666646,-0.2352941176470589,0.9999999999999993,0.47619047619047616,-0.07142857142857142,0.8809523809523809,0.30909090909091824,-0.894736842105263,-0.44444444444444436,-0.49999999999999944
1057,-0.1428571428571432,-0.4166666666666668,-0.02941176470588238,2.4285714285714275,1.1904761904761907,1.0714285714285714,1.2619047619047619,0.5181818181817861,-0.8421052631578957,-0.2777777777777781,-0.6874999999999999
1122,-0.7619047619047623,-0.20833333333333354,-0.7647058823529412,-1.142857142857143,-1.1428571428571435,1.0,-0.09523809523809523,-2.045454545454591,0.7368421052631587,-0.7777777777777781,1.312500000000001
719,-0.3809523809523814,0.5833333333333334,-0.7647058823529412,2.4285714285714275,0.3333333333333331,0.2857142857142857,0.19047619047619047,0.4090909090909183,0.7894736842105261,-0.44444444444444436,-0.43749999999999967
106,-0.04761904761904788,-0.45833333333333354,1.235294117647059,-0.7142857142857144,18.476190476190485,0.35714285714285715,0.7619047619047619,0.2727272727272452,-1.210526315789474,3.833333333333335,-0.5624999999999992
1432,-0.9523809523809526,-0.3333333333333334,-0.7647058823529412,-0.8571428571428571,-1.7619047619047625,-0.7142857142857143,-0.6190476190476191,-1.0454545454545914,0.894736842105263,1.2777777777777781,0.9375000000000002
501,1.1904761904761907,-0.3333333333333334,1.3823529411764706,6.214285714285713,-0.23809523809523842,1.7857142857142858,0.9285714285714286,1.045454545454541,-0.7368421052631587,1.2777777777777781,1.1250000000000007
667,1.6190476190476195,-0.75,0.5588235294117647,-0.2857142857142859,0.14285714285714304,-0.5,-0.5238095238095238,0.9545454545454591,-1.9473684210526327,0.2222222222222225,-0.6250000000000001
1253,0.0,0.5833333333333334,-0.7647058823529412,-1.142857142857143,0.80952380952381,-0.5,-0.5714285714285714,-0.4590909090909435,0.6315789473684218,-0.2222222222222225,-0.43749999999999967
1214,1.095238095238095,-0.7916666666666667,0.5882352941176472,-0.4285714285714288,0.09523809523809536,-0.5,-0.6666666666666666,-0.19090909090908173,-1.105263157894737,-0.7777777777777781,0.1250000000000007
282,-0.1428571428571432,0.0,-0.41176470588235303,1.1428571428571423,-0.5714285714285715,-0.07142857142857142,0.38095238095238093,0.18181818181816348,0.26315789473684126,-0.2777777777777781,-0.6874999999999999
896,0.1904761904761907,-0.8750000000000001,0.3823529411764706,0.28571428571428525,-0.04761904761904768,0.2857142857142857,0.14285714285714285,-1.0272727272727549,0.0,0.8333333333333337,1.4375000000000007
703,-0.1904761904761907,-0.5833333333333334,0.6470588235294118,0.5714285714285712,-0.2857142857142861,0.6428571428571429,1.119047619047619,0.22727272727270434,0.052631578947367315,0.44444444444444436,-0.37499999999999983
1357,-0.28571428571428603,-0.3750000000000001,-0.05882352941176476,0.4285714285714282,-0.04761904761904768,1.0,0.7142857142857143,-0.1,1.5263157894736847,-0.16666666666666688,0.5625000000000003
1461,-0.8095238095238098,1.1041666666666667,-0.7647058823529412,-0.14285714285714296,-0.9047619047619053,-0.5,-0.5714285714285714,-0.027272727272754798,1.4736842105263153,-0.05555555555555562,-0.12499999999999958
1146,-0.04761904761904788,-0.08333333333333341,-0.41176470588235303,-0.5714285714285715,4.714285714285716,-0.5,-0.38095238095238093,-0.31818181818183655,-0.15789473684210661,1.3888888888888893,-0.24999999999999917
138,-0.04761904761904788,0.16666666666666682,-0.20588235294117652,-0.14285714285714296,0.09523809523809536,0.14285714285714285,1.619047619047619,-0.2272727272727548,0.10526315789473696,-0.44444444444444436,-0.43749999999999967
602,-0.09523809523809534,1.3124999999999998,-0.7647058823529412,0.5714285714285712,0.09523809523809536,-0.5,-0.5476190476190477,0.3636363636363774,-0.05263157894736965,-0.5555555555555556,-0.5624999999999992
29,-0.04761904761904788,0.5208333333333334,-0.7647058823529412,-0.2857142857142859,0.14285714285714304,-0.35714285714285715,-0.5,-0.13636363636367307,0.3684210526315782,-0.16666666666666688,-0.24999999999999917
1142,-0.4761904761904763,-0.2916666666666667,-0.4411764705882354,0.28571428571428525,-1.7142857142857153,-0.5,-0.5952380952380952,-1.4363636363636731,-0.05263157894736965,0.16666666666666688,0.7500000000000009
948,0.4761904761904763,-1.6666666666666667,0.5588235294117647,-0.5714285714285715,-0.19047619047619072,-0.21428571428571427,-0.38095238095238093,-0.536363636363673,0.5263157894736848,0.7777777777777781,1.0625000000000009
1261,-0.7619047619047623,2.0833333333333335,-0.7647058823529412,-0.2857142857142859,0.19047619047619072,0.2857142857142857,-0.30952380952380953,-1.0590909090909435,1.4736842105263153,-0.38888888888888873,0.6250000000000001
278,1.1428571428571432,-0.8333333333333334,0.5588235294117647,5.999999999999999,-0.2857142857142861,-0.5714285714285714,-0.5714285714285714,0.4090909090909183,-0.42105263157894784,1.1111111111111112,1.5000000000000007
1317,0.9523809523809526,-0.3333333333333334,0.5882352941176472,0.0,0.5714285714285715,-0.21428571428571427,0.09523809523809523,-0.14545454545454087,-0.6842105263157892,0.38888888888888873,1.0625000000000009
293,-0.4761904761904763,-0.6666666666666669,-0.02941176470588238,0.28571428571428525,0.9047619047619053,-0.5714285714285714,-0.5,-0.13636363636367307,0.5263157894736848,-0.11111111111111124,-0.06249999999999979
387,0.1904761904761907,0.5833333333333334,-0.32352941176470595,-0.4285714285714288,0.0,0.2857142857142857,0.11904761904761904,0.22727272727270434,0.0,-0.44444444444444436,-0.37499999999999983
544,3.0476190476190483,-0.8750000000000001,1.411764705882353,-0.5714285714285715,-0.19047619047619072,-0.5,-0.5238095238095238,1.863636363636327,-2.3684210526315805,0.944444444444445,-1.1249999999999996
1120,0.0,0.08333333333333341,0.2352941176470589,0.4285714285714282,-0.14285714285714304,-0.35714285714285715,-0.47619047619047616,-1.9772727272727801,-0.5789473684210521,0.5555555555555556,1.8125000000000007
730,0.7619047619047619,0.1250000000000001,1.1764705882352944,0.14285714285714232,14.666666666666673,-0.07142857142857142,0.0,0.6818181818181634,-0.7368421052631587,0.2777777777777781,-0.37499999999999983
1299,-0.1428571428571432,4.416666666666667,-0.7647058823529412,-0.14285714285714296,2.7619047619047636,-0.5714285714285714,-0.6666666666666666,-0.8818181818182139,1.0,-1.2222222222222225,0.4375000000000008
1301,-0.5714285714285716,1.4166666666666665,-0.5588235294117647,-0.2857142857142859,1.0000000000000007,0.5,0.47619047619047616,-0.3272727272727548,1.5263157894736847,0.6666666666666669,0.9375000000000002
1235,-0.9047619047619051,-0.7916666666666667,0.17647058823529413,15.285714285714281,-1.1904761904761911,-0.5,1.8095238095238095,-0.4454545454545409,-0.05263157894736965,-0.33333333333333315,0.8125000000000007
1459,0.0,-1.3333333333333335,0.2647058823529411,-0.7142857142857144,-1.1904761904761911,-0.42857142857142855,-0.5238095238095238,-0.9636363636363774,0.052631578947367315,1.0000000000000007,1.0625000000000009
1173,-0.1428571428571432,-0.6666666666666669,0.14705882352941174,-0.7142857142857144,0.0,0.9285714285714286,0.6666666666666666,0.20909090909091826,0.7894736842105261,0.0,-0.43749999999999967
507,1.5714285714285712,0.6250000000000001,0.8529411764705884,0.14285714285714232,0.23809523809523842,-0.5,-0.5714285714285714,1.5,-0.7368421052631587,0.5,-0.43749999999999967
1477,-1.2380952380952386,-0.20833333333333354,-0.4411764705882354,0.0,-1.4761904761904767,0.21428571428571427,1.2380952380952381,-2.2181818181818365,1.210526315789474,1.444444444444445,2.125000000000001
216,0.3809523809523805,0.43749999999999994,-0.2941176470588236,-0.2857142857142859,1.0476190476190483,0.0,0.2857142857142857,-0.2272727272727548,-0.894736842105263,-0.2777777777777781,0.5000000000000006
782,0.5238095238095237,1.2499999999999998,-0.6176470588235295,0.28571428571428525,0.09523809523809536,0.9285714285714286,1.4047619047619047,0.6545454545454591,0.26315789473684126,-0.5,-0.12499999999999958
926,0.7142857142857144,-1.1666666666666667,0.20588235294117652,0.14285714285714232,-0.8571428571428577,2.7857142857142856,0.8571428571428571,0.5272727272727044,0.8421052631578957,1.5555555555555562,0.0
127,0.09523809523809491,3.3750000000000004,-0.7647058823529412,-0.5714285714285715,0.14285714285714304,-0.7142857142857143,-0.5952380952380952,-0.13636363636367307,1.210526315789474,-0.7777777777777781,0.4375000000000008
248,-0.09523809523809534,0.041666666666666706,-0.5882352941176472,-0.7142857142857144,-0.23809523809523842,-0.2857142857142857,0.047619047619047616,-0.25000000000002526,0.21052631578947392,-0.7777777777777781,-0.24999999999999917
209,1.4761904761904763,-0.9166666666666669,0.9411764705882353,-0.14285714285714296,-1.1904761904761911,-0.42857142857142855,-0.42857142857142855,0.5909090909090817,0.0,1.444444444444445,0.1875000000000005
433,2.095238095238096,-0.5416666666666667,1.0882352941176472,0.14285714285714232,0.5714285714285715,-0.5,-0.4523809523809524,1.6818181818181634,-0.7894736842105261,-0.7222222222222225,-0.43749999999999967
859,-0.5238095238095242,0.16666666666666682,-0.11764705882352945,-0.5714285714285715,-0.23809523809523842,0.14285714285714285,-0.30952380952380953,-1.0545454545454591,0.47368421052631515,1.1111111111111112,0.6250000000000001
1171,-0.3809523809523814,0.29166666666666646,-0.7647058823529412,0.0,-0.04761904761904768,0.9285714285714286,0.16666666666666666,-0.6727272727272957,0.5789473684210521,0.33333333333333376,0.375000000000001
1275,0.04761904761904746,0.8124999999999998,-0.11764705882352945,0.14285714285714232,-0.19047619047619072,0.0,1.0476190476190477,0.08181818181816347,-0.3684210526315782,-0.44444444444444436,-0.43749999999999967
646,-0.28571428571428603,0.6250000000000001,-0.6176470588235295,1.9999999999999993,1.3333333333333337,-0.5,-0.40476190476190477,0.22727272727270434,0.47368421052631515,0.05555555555555562,-0.06249999999999979
575,2.095238095238096,-1.0416666666666667,0.6764705882352942,1.2857142857142854,0.0,1.0714285714285714,0.21428571428571427,1.1818181818181634,-0.5789473684210521,1.0000000000000007,0.0
13,-0.04761904761904788,0.3749999999999999,0.08823529411764698,-0.8571428571428571,1.6666666666666676,-0.2857142857142857,-0.19047619047619047,0.3181818181817861,-0.2631578947368436,5.222222222222224,-0.6874999999999999
538,2.3809523809523814,-0.7083333333333335,0.6764705882352942,5.1428571428571415,-0.6190476190476192,-0.5714285714285714,-0.047619047619047616,2.136363636363673,-0.5789473684210521,0.2222222222222225,1.1250000000000007
330,1.095238095238095,-0.6666666666666669,1.1176470588235294,0.9999999999999993,2.0476190476190483,-0.21428571428571427,0.09523809523809523,0.5909090909090817,-0.42105263157894784,0.2222222222222225,1.4375000000000007
996,-1.0952380952380958,0.5833333333333334,-0.7647058823529412,0.0,0.3809523809523808,-0.7142857142857143,-0.6190476190476191,-1.3272727272727547,2.105263157894737,0.05555555555555562,1.6250000000000013
384,-0.09523809523809534,-0.041666666666666706,0.05882352941176476,-0.14285714285714296,0.3809523809523808,0.7142857142857143,0.40476190476190477,0.5909090909090817,0.5789473684210521,0.6666666666666669,-0.6250000000000001
1102,-0.8571428571428577,-0.16666666666666682,-0.5000000000000001,-0.7142857142857144,-0.04761904761904768,0.35714285714285715,-0.16666666666666666,-1.2181818181818365,0.7368421052631587,-0.44444444444444436,0.6250000000000001
1056,0.4761904761904763,-0.16666666666666682,0.7941176470588237,2.5714285714285707,1.0476190476190483,-0.7142857142857143,-0.6428571428571429,-0.3818181818182139,-0.5263157894736848,-0.16666666666666688,1.1875000000000004
1218,0.14285714285714238,-0.5,0.14705882352941174,-0.4285714285714288,0.14285714285714304,-0.35714285714285715,-0.30952380952380953,-0.31818181818183655,-0.3684210526315782,0.38888888888888873,0.2500000000000003
234,0.14285714285714238,2.0,-0.5000000000000001,0.14285714285714232,-0.6666666666666669,-0.42857142857142855,0.0,0.0681818181818113,0.052631578947367315,-0.38888888888888873,-0.7499999999999997
415,0.33333333333333304,0.8541666666666665,-0.05882352941176476,6.285714285714283,1.8095238095238106,1.2857142857142858,2.3095238095238093,2.136363636363673,0.052631578947367315,2.5000000000000013,-0.5624999999999992
168,-0.5238095238095242,0.4583333333333333,-0.5588235294117647,-0.14285714285714296,0.47619047619047616,-0.14285714285714285,0.16666666666666666,-0.6363636363636731,0.8421052631578957,-0.38888888888888873,0.1250000000000007
1336,-0.9047619047619051,-0.08333333333333341,-0.7647058823529412,-1.142857142857143,-1.0476190476190481,0.14285714285714285,-0.2619047619047619,-1.0090909090909184,0.26315789473684126,-0.9444444444444446,-0.43749999999999967
26,-0.1428571428571432,-0.45833333333333354,-0.05882352941176476,-0.5714285714285715,0.04761904761904768,-0.6428571428571429,-0.6190476190476191,-0.2272727272727548,-0.15789473684210661,-0.16666666666666688,-0.43749999999999967
1365,-0.04761904761904788,-0.08333333333333341,-0.5000000000000001,0.0,1.7142857142857153,-0.21428571428571427,0.11904761904761904,0.18181818181816348,-0.6842105263157892,0.0,-0.43749999999999967
1085,-0.5238095238095242,-0.16666666666666682,-0.5294117647058824,-0.5714285714285715,-0.23809523809523842,1.9285714285714286,0.6428571428571429,-0.640909090909107,-1.0,-0.7222222222222225,-0.37499999999999983
620,0.1904761904761907,0.08333333333333341,-0.05882352941176476,1.7142857142857135,-0.14285714285714304,0.21428571428571427,1.7857142857142858,0.4090909090909183,-0.21052631578947392,-0.05555555555555562,-0.49999999999999944
1469,-0.28571428571428603,1.9166666666666665,-0.6176470588235295,-0.14285714285714296,-0.8571428571428577,0.5,0.2857142857142857,0.15909090909089305,0.0,-0.38888888888888873,-0.31250000000000006
510,2.1428571428571432,-0.4166666666666668,0.6764705882352942,3.428571428571427,-0.2857142857142861,0.42857142857142855,0.14285714285714285,0.5,-1.5263157894736847,-0.05555555555555562,-0.43749999999999967
5,-0.23809523809523814,0.5833333333333334,-0.7647058823529412,-0.5714285714285715,-0.19047619047619072,0.0,0.07142857142857142,0.5,1.0526315789473673,-0.33333333333333315,-0.49999999999999944
589,1.095238095238095,-0.9583333333333335,0.6764705882352942,0.5714285714285712,-0.952380952380953,-0.5714285714285714,-0.5714285714285714,0.4090909090909183,-1.3684210526315805,0.6666666666666669,0.1875000000000005
1575,-0.1904761904761907,0.0,0.41176470588235303,0.0,-0.9047619047619053,-0.07142857142857142,-0.40476190476190477,-0.8909090909091322,-0.2631578947368436,0.11111111111111124,1.000000000000001
1224,2.238095238095238,-0.5416666666666667,0.6764705882352942,0.4285714285714282,0.04761904761904768,-0.35714285714285715,-0.40476190476190477,1.1363636363636227,-1.2631578947368436,1.1111111111111112,0.0625000000000009
1133,-0.3333333333333335,-0.16666666666666682,-0.5588235294117647,4.714285714285713,0.47619047619047616,-0.21428571428571427,-0.4523809523809524,0.06363636363632694,0.3157894736842109,0.33333333333333376,0.6250000000000001
291,1.4761904761904763,-1.3333333333333335,0.6470588235294118,-0.2857142857142859,12.571428571428578,-0.5,-0.4523809523809524,0.5454545454545409,-0.05263157894736965,0.5,0.1875000000000005
1240,-0.1904761904761907,0.3749999999999999,-0.17647058823529413,-0.7142857142857144,-0.14285714285714304,1.6428571428571428,0.5476190476190477,-0.8,-1.105263157894737,-1.2222222222222225,-0.5624999999999992
1178,-1.0952380952380958,1.6458333333333335,-0.7647058823529412,-0.14285714285714296,-1.8095238095238102,0.2857142857142857,0.9761904761904762,-1.4727272727272958,1.9473684210526327,0.6111111111111113,0.7500000000000009
1349,-0.4761904761904763,0.20833333333333307,-0.7647058823529412,0.8571428571428564,0.09523809523809536,0.5714285714285714,0.09523809523809523,-0.6909090909091322,0.5263157894736848,-0.5555555555555556,0.375000000000001
258,-0.09523809523809534,-0.45833333333333354,1.4705882352941178,-0.5714285714285715,25.333333333333346,-0.35714285714285715,0.19047619047619047,0.04545454545454087,-1.3157894736842108,3.5555555555555567,-0.49999999999999944
14,0.4761904761904763,0.4166666666666666,-0.2352941176470589,2.2857142857142847,4.61904761904762,2.7857142857142856,2.5714285714285716,0.8636363636363774,-0.7894736842105261,1.444444444444445,-0.6250000000000001
1152,0.1904761904761907,0.3333333333333332,-0.02941176470588238,0.0,1.8571428571428577,-0.2857142857142857,0.023809523809523808,-0.24545454545454087,-0.8421052631578957,-0.5,-0.24999999999999917
467,0.4285714285714288,-0.25,0.5588235294117647,0.5714285714285712,-0.6666666666666669,-0.42857142857142855,-0.4523809523809524,-0.9090909090909183,0.052631578947367315,0.944444444444445,2.375000000000001
181,0.4761904761904763,0.3749999999999999,0.6764705882352942,-0.2857142857142859,9.095238095238098,0.7142857142857143,1.7380952380952381,0.22727272727270434,-1.0,2.222222222222223,-0.5624999999999992
84,-0.7619047619047623,-0.9166666666666669,0.6470588235294118,-0.5714285714285715,-0.47619047619047616,0.35714285714285715,0.5714285714285714,-0.3636363636363774,0.6842105263157892,0.8888888888888894,0.0625000000000009
734,-0.09523809523809534,0.16666666666666682,-0.17647058823529413,-0.2857142857142859,-0.19047619047619072,-0.2857142857142857,0.047619047619047616,0.9090909090909183,0.894736842105263,0.0,-0.5624999999999992
369,0.7142857142857144,-1.0416666666666667,0.7941176470588237,0.28571428571428525,-0.23809523809523842,-0.5,-0.4523809523809524,-0.2272727272727548,-0.5789473684210521,2.833333333333334,1.1250000000000007
52,-0.6190476190476195,-0.08333333333333341,-0.6470588235294118,-0.14285714285714296,-0.5238095238095238,-0.5,-0.5476190476190477,-0.5454545454545409,0.42105263157894784,0.11111111111111124,-0.49999999999999944
724,-0.1904761904761907,2.4791666666666665,-0.4705882352941177,1.2857142857142854,0.3333333333333331,-0.5714285714285714,-0.5952380952380952,-0.4090909090909183,1.210526315789474,-0.11111111111111124,0.6250000000000001
1161,0.4285714285714288,-0.2916666666666667,0.5,-1.142857142857143,-0.14285714285714304,-0.07142857142857142,-0.38095238095238093,-0.540909090909107,-0.5263157894736848,0.7222222222222225,0.0
628,0.3809523809523805,0.08333333333333341,0.0,0.4285714285714282,0.8571428571428577,-0.42857142857142855,-0.14285714285714285,0.4090909090909183,-0.21052631578947392,-0.11111111111111124,-0.5624999999999992
1394,-0.7142857142857144,0.20833333333333307,-0.35294117647058826,2.4285714285714275,-0.4285714285714285,1.0,0.8571428571428571,-0.004545454545484365,0.052631578947367315,-0.7777777777777781,-0.6250000000000001
611,2.5238095238095237,-0.5833333333333334,0.8529411764705884,0.7142857142857141,0.09523809523809536,-0.5714285714285714,-0.5,1.7727272727272452,-1.7368421052631589,-0.44444444444444436,-0.49999999999999944
1000,-0.1904761904761907,-0.3750000000000001,0.11764705882352937,0.0,-0.80952380952381,-0.5,-0.5952380952380952,-0.7954545454545661,0.6842105263157892,0.5555555555555556,0.8125000000000007
1184,-0.5714285714285716,0.5,-0.08823529411764706,-0.14285714285714296,0.04761904761904768,-0.14285714285714285,1.9523809523809523,-0.6,0.26315789473684126,0.44444444444444436,0.4375000000000008
771,0.7142857142857144,0.6875000000000002,0.0,0.28571428571428525,0.14285714285714304,0.7142857142857143,2.5238095238095237,0.5,-0.15789473684210661,-0.38888888888888873,-0.49999999999999944
237,-0.3333333333333335,0.5208333333333334,-0.7647058823529412,-0.4285714285714288,0.8571428571428577,0.14285714285714285,0.047619047619047616,0.022727272727270435,0.3157894736842109,-0.2222222222222225,-0.6250000000000001
439,-0.4285714285714288,0.4166666666666666,-0.2352941176470589,-1.0,-0.80952380952381,-0.42857142857142855,0.30952380952380953,-0.7272727272727548,-1.210526315789474,-0.11111111111111124,-0.5624999999999992
442,3.666666666666667,0.6875000000000002,1.4705882352941178,2.1428571428571423,1.0000000000000007,-0.5,0.14285714285714285,2.9545454545455097,-1.894736842105263,0.33333333333333376,0.6250000000000001
765,0.6190476190476186,0.6250000000000001,-0.4705882352941177,1.1428571428571423,0.5714285714285715,-0.07142857142857142,0.2619047619047619,0.9909090909090817,0.0,-0.44444444444444436,-0.43749999999999967
1578,-0.5238095238095242,0.6250000000000001,-0.32352941176470595,-0.5714285714285715,1.8571428571428577,0.0,-0.40476190476190477,-0.5909090909091322,0.5789473684210521,0.2777777777777781,0.687500000000001
978,-0.4285714285714288,-0.5,0.17647058823529413,1.9999999999999993,-0.8571428571428577,-0.2857142857142857,-0.19047619047619047,-1.1545454545454592,-0.15789473684210661,-0.7222222222222225,0.687500000000001
587,-0.28571428571428603,0.8749999999999999,-0.05882352941176476,-0.4285714285714288,1.3809523809523814,0.35714285714285715,1.5476190476190477,0.0,-0.2631578947368436,-0.16666666666666688,-0.5624999999999992
888,-0.5238095238095242,0.20833333333333307,-0.7647058823529412,0.4285714285714282,-0.33333333333333376,1.3571428571428572,0.6428571428571429,-0.8136363636364027,0.6315789473684218,-0.33333333333333315,0.6250000000000001
985,-0.23809523809523814,0.24999999999999978,-0.7647058823529412,-0.2857142857142859,-0.7142857142857145,-0.42857142857142855,-0.6190476190476191,-0.4909090909091322,0.7368421052631587,-0.2222222222222225,0.687500000000001
1143,-0.4285714285714288,-1.2500000000000002,0.11764705882352937,-0.5714285714285715,-0.6666666666666669,0.21428571428571427,-0.40476190476190477,0.009090909090918267,1.5789473684210522,1.1111111111111112,-0.12499999999999958
395,1.9523809523809526,-0.6250000000000001,1.4705882352941178,2.8571428571428563,-0.6190476190476192,-0.42857142857142855,0.023809523809523808,1.6818181818181634,-0.47368421052631515,-0.11111111111111124,1.7500000000000009
284,0.9523809523809526,0.29166666666666646,-0.5588235294117647,1.7142857142857135,1.0952380952380953,1.3571428571428572,0.8095238095238095,1.5681818181818619,0.0,0.5,-0.24999999999999917
677,0.33333333333333304,1.1666666666666667,-0.4411764705882354,0.14285714285714232,0.23809523809523842,-0.07142857142857142,-0.14285714285714285,0.5454545454545409,0.47368421052631515,-0.7777777777777781,-0.18749999999999936
1284,-0.4285714285714288,-0.4166666666666668,-0.20588235294117652,0.14285714285714232,-0.38095238095238143,0.35714285714285715,-0.023809523809523808,-0.8818181818182139,0.42105263157894784,-0.33333333333333315,0.4375000000000008
873,0.5714285714285712,-1.291666666666667,0.3235294117647059,-0.8571428571428571,-0.5714285714285715,-0.5,-0.6428571428571429,-0.536363636363673,-0.42105263157894784,-0.2222222222222225,0.5625000000000003
2,-0.04761904761904788,1.0,-0.6470588235294118,0.14285714285714232,0.6190476190476192,0.14285714285714285,0.40476190476190477,0.1363636363636226,-0.2631578947368436,0.16666666666666688,-0.24999999999999917
1047,-0.3809523809523814,-0.3750000000000001,-0.2647058823529412,-0.5714285714285715,0.14285714285714304,1.0,0.3333333333333333,-0.1636363636363774,0.9473684210526326,0.11111111111111124,0.1250000000000007
472,2.1904761904761907,-0.6250000000000001,0.8529411764705884,0.5714285714285712,0.19047619047619072,0.8571428571428571,0.7380952380952381,1.2727272727272956,-0.8421052631578957,1.1111111111111112,0.1250000000000007
1082,-0.3333333333333335,-0.5833333333333334,0.11764705882352937,-0.5714285714285715,-0.2857142857142861,1.2857142857142858,0.7857142857142857,0.0681818181818113,0.5789473684210521,-0.16666666666666688,-0.43749999999999967
179,0.4285714285714288,0.3749999999999999,-0.35294117647058826,0.28571428571428525,-0.5714285714285715,-0.21428571428571427,0.11904761904761904,0.09090909090908174,-0.6315789473684218,-0.16666666666666688,-0.43749999999999967
989,0.8571428571428568,-0.9375000000000002,0.41176470588235303,-1.0,-0.2857142857142861,0.07142857142857142,-0.38095238095238093,-0.5181818181818365,-0.894736842105263,-0.6111111111111113,0.4375000000000008
889,1.333333333333333,1.5833333333333335,0.2352941176470589,6.285714285714283,1.5714285714285723,0.7142857142857143,1.4761904761904763,2.8136363636364026,-0.47368421052631515,0.33333333333333376,-0.5624999999999992
326,1.7619047619047619,0.041666666666666706,1.1764705882352944,2.0714285714285707,2.0000000000000004,-0.5,-0.5476190476190477,0.5,-1.3684210526315805,0.6666666666666669,0.8125000000000007
857,0.14285714285714238,-1.0833333333333335,0.2352941176470589,0.4285714285714282,-0.2857142857142861,0.21428571428571427,0.23809523809523808,-0.34545454545454085,0.47368421052631515,0.8888888888888894,0.687500000000001
1105,-0.7619047619047623,0.20833333333333307,0.05882352941176476,-0.14285714285714296,-1.4761904761904767,0.0,0.2857142857142857,-1.3454545454545914,0.5263157894736848,-0.11111111111111124,1.6250000000000013
447,0.666666666666667,-0.16666666666666682,0.08823529411764698,-0.14285714285714296,2.285714285714287,-0.5,-0.5,0.04545454545454087,-0.47368421052631515,0.5555555555555556,0.6250000000000001
367,1.1904761904761907,0.2291666666666664,1.0294117647058825,0.5714285714285712,-0.14285714285714304,-0.14285714285714285,-0.30952380952380953,1.5,-0.7894736842105261,0.38888888888888873,-0.7499999999999997
455,1.6190476190476195,0.4166666666666666,1.2058823529411766,4.285714285714285,0.3333333333333331,-0.5,-0.42857142857142855,0.9545454545454591,-0.47368421052631515,0.38888888888888873,2.0000000000000013
618,1.666666666666667,-0.25,0.7058823529411765,0.7142857142857141,2.0476190476190483,-0.6428571428571429,-0.47619047619047616,1.7727272727272452,-0.9473684210526326,0.44444444444444436,0.0
117,-0.04761904761904788,0.16666666666666682,-0.41176470588235303,-0.2857142857142859,0.14285714285714304,-0.42857142857142855,-0.21428571428571427,0.1363636363636226,0.3157894736842109,-0.6666666666666669,-0.49999999999999944
1196,0.0,0.24999999999999978,-0.08823529411764706,0.14285714285714232,-0.14285714285714304,0.7142857142857143,1.3571428571428572,0.0727272727272452,-0.5263157894736848,-0.2222222222222225,-0.43749999999999967
129,-0.8571428571428577,-0.5833333333333334,-0.32352941176470595,-0.5714285714285715,-0.33333333333333376,-0.5,-0.42857142857142855,-0.5454545454545409,0.5789473684210521,-0.2777777777777781,-0.49999999999999944
426,-0.7142857142857144,0.6250000000000001,-0.5294117647058824,-0.14285714285714296,-1.61904761904762,0.42857142857142855,0.2619047619047619,-0.8181818181818366,0.9473684210526326,-0.7222222222222225,0.7500000000000009
1494,-0.7142857142857144,-0.8750000000000001,-0.5000000000000001,-1.142857142857143,-0.6190476190476192,0.14285714285714285,-0.21428571428571427,-0.9590909090909435,0.5789473684210521,0.44444444444444436,-0.12499999999999958
1118,-0.3809523809523814,-0.5416666666666667,-0.41176470588235303,-0.14285714285714296,-0.6666666666666669,0.07142857142857142,-0.30952380952380953,-1.9000000000000505,-0.05263157894736965,-0.5,1.9375000000000013
1135,0.04761904761904746,-1.1250000000000002,0.5,-0.7142857142857144,-0.5714285714285715,0.6428571428571429,0.30952380952380953,-0.9545454545454591,0.3684210526315782,-0.11111111111111124,1.0625000000000009
810,-0.28571428571428603,-0.1250000000000001,-0.4705882352941177,0.5714285714285712,-0.5238095238095238,-0.6428571428571429,-0.5476190476190477,-0.4909090909091322,-0.05263157894736965,-0.8333333333333337,0.1875000000000005
1303,0.04761904761904746,-1.0,0.5294117647058824,-0.5714285714285715,0.09523809523809536,1.0714285714285714,0.7380952380952381,-0.7681818181818618,0.26315789473684126,0.2222222222222225,0.6250000000000001
1270,-1.3809523809523814,-0.5833333333333334,-0.7352941176470589,-0.8571428571428571,-1.4761904761904767,0.9285714285714286,0.5476190476190477,-2.6636363636363773,2.0526315789473695,0.7222222222222225,2.375000000000001
1569,-0.8095238095238098,-0.041666666666666706,-0.35294117647058826,-0.4285714285714288,-1.0952380952380958,0.14285714285714285,-0.07142857142857142,-1.2454545454545913,0.894736842105263,-0.2777777777777781,0.8125000000000007
967,0.2857142857142856,0.5833333333333334,-0.17647058823529413,-0.14285714285714296,0.8571428571428577,0.7142857142857143,1.8095238095238095,0.2863636363636478,-0.9473684210526326,-0.7777777777777781,-0.6250000000000001
304,0.23809523809523814,0.5416666666666667,1.0,-0.14285714285714296,1.5714285714285723,-0.07142857142857142,1.2619047619047619,0.2727272727272452,-0.5789473684210521,-0.5555555555555556,-0.6250000000000001
408,1.1904761904761907,-0.75,0.9411764705882353,2.1428571428571423,4.5238095238095255,-0.5,-0.5,0.1363636363636226,-0.6315789473684218,0.44444444444444436,0.687500000000001
1272,-0.9523809523809526,-0.25,-0.7647058823529412,-0.4285714285714288,-0.09523809523809536,0.8571428571428571,0.16666666666666666,-1.295454545454566,1.0,-0.5,0.6250000000000001
1417,-0.28571428571428603,-0.75,0.20588235294117652,0.4285714285714282,-0.7142857142857145,0.5714285714285714,0.0,-0.681818181818214,0.21052631578947392,0.8333333333333337,1.1875000000000004
1172,0.8571428571428568,-0.4166666666666668,0.5882352941176472,-0.14285714285714296,-0.23809523809523842,-0.5714285714285714,-0.5,-0.0954545454545661,-0.21052631578947392,0.6666666666666669,1.312500000000001
1295,-0.6190476190476195,0.4583333333333333,-0.7647058823529412,2.9999999999999987,0.6666666666666669,2.7142857142857144,0.9642857142857143,-0.5090909090909183,-0.5789473684210521,-0.9444444444444446,-0.43749999999999967
879,-0.3333333333333335,0.3333333333333332,-0.6470588235294118,0.4285714285714282,-0.14285714285714304,0.35714285714285715,1.2142857142857142,0.3409090909090565,1.1578947368421042,-0.38888888888888873,-0.43749999999999967
1431,-0.1428571428571432,-0.3750000000000001,0.14705882352941174,-0.14285714285714296,-0.47619047619047616,0.0,0.8809523809523809,-0.4090909090909183,-0.2631578947368436,-0.44444444444444436,-0.18749999999999936
30,-0.5714285714285716,0.6458333333333335,-0.5588235294117647,0.28571428571428525,0.47619047619047616,0.2857142857142857,1.0714285714285714,-0.4090909090909183,0.21052631578947392,-0.44444444444444436,-0.06249999999999979
1140,-0.28571428571428603,-0.5,0.11764705882352937,-0.7142857142857144,0.04761904761904768,1.4285714285714286,1.0,0.09090909090908174,0.5263157894736848,0.16666666666666688,-0.43749999999999967
957,0.7619047619047619,-0.6250000000000001,0.7647058823529412,-0.2857142857142859,0.4285714285714285,-0.07142857142857142,0.3333333333333333,-0.2590909090909435,-0.10526315789473696,-0.2222222222222225,0.5625000000000003
546,-0.1904761904761907,0.1250000000000001,-0.05882352941176476,-0.2857142857142859,-0.04761904761904768,-0.21428571428571427,-0.21428571428571427,0.7272727272727043,0.7368421052631587,0.8888888888888894,-0.43749999999999967
525,1.1904761904761907,0.5,-0.05882352941176476,0.8571428571428564,1.2380952380952384,1.1428571428571428,0.38095238095238093,1.4090909090909183,-0.3684210526315782,0.2777777777777781,-0.18749999999999936
645,-0.04761904761904788,0.5,-0.4705882352941177,5.428571428571427,1.7142857142857153,-0.5714285714285714,-0.6190476190476191,0.7727272727272452,0.3157894736842109,0.38888888888888873,-0.06249999999999979
1209,-0.8095238095238098,-0.5416666666666667,0.5,-0.2857142857142859,-0.38095238095238143,0.07142857142857142,-0.30952380952380953,-1.1,0.7368421052631587,1.3888888888888893,0.6250000000000001
702,-0.4285714285714288,0.5,-0.7058823529411766,-0.14285714285714296,-0.5714285714285715,-0.2857142857142857,-0.3333333333333333,0.1363636363636226,0.8421052631578957,0.2777777777777781,-0.49999999999999944
1359,1.7619047619047619,-0.18750000000000017,0.41176470588235303,-1.142857142857143,0.5714285714285715,-0.5,-0.21428571428571427,0.15454545454545912,-1.2631578947368436,0.16666666666666688,-0.10416666666668742
1577,-0.8095238095238098,0.7499999999999998,-0.32352941176470595,4.1428571428571415,-0.14285714285714304,0.0,-0.23809523809523808,-0.21818181818183655,1.210526315789474,-0.11111111111111124,1.0625000000000009
1230,-0.09523809523809534,-1.4166666666666667,0.2352941176470589,0.7142857142857141,-0.6190476190476192,0.14285714285714285,0.5,-0.9090909090909183,0.3157894736842109,0.8888888888888894,1.000000000000001
553,-1.3809523809523814,2.166666666666667,-0.05882352941176476,-0.8571428571428571,-1.3809523809523814,1.3571428571428572,1.4047619047619047,-1.5000000000000504,2.2631578947368434,0.0,0.8125000000000007
621,0.14285714285714238,0.16666666666666682,-0.08823529411764706,1.7142857142857135,-0.04761904761904768,0.07142857142857142,1.5952380952380953,0.4090909090909183,-0.15789473684210661,0.0,-0.49999999999999944
215,-0.4285714285714288,-0.1250000000000001,0.6764705882352942,4.857142857142855,-0.9047619047619053,0.9285714285714286,2.0,0.3181818181817861,0.15789473684210428,0.7777777777777781,0.1875000000000005
675,0.666666666666667,-0.45833333333333354,0.3823529411764706,0.0,-0.7142857142857145,-0.07142857142857142,-0.14285714285714285,0.7727272727272452,-0.2631578947368436,0.16666666666666688,0.0
1076,0.9523809523809526,-0.8333333333333334,0.8823529411764708,-0.2857142857142859,-0.2857142857142861,-0.7142857142857143,-0.6904761904761905,-0.6181818181818365,-0.8421052631578957,0.6111111111111113,0.7500000000000009
482,1.2857142857142856,-0.6666666666666669,0.9705882352941176,0.0,3.4761904761904776,-0.5,-0.4523809523809524,0.8636363636363774,-1.4210526315789478,2.38888888888889,-0.49999999999999944
762,0.4285714285714288,0.7499999999999998,-0.7647058823529412,-0.7142857142857144,-0.47619047619047616,-0.35714285714285715,-0.42857142857142855,0.1409090909090565,0.0,-0.5,-0.12499999999999958
203,-0.4285714285714288,-0.4166666666666668,0.2647058823529411,-0.8571428571428571,0.4285714285714285,0.21428571428571427,0.047619047619047616,-0.2727272727272957,0.15789473684210428,-0.38888888888888873,-0.6250000000000001
1280,-0.3809523809523814,-0.25,-0.17647058823529413,-0.4285714285714288,-0.09523809523809536,1.0714285714285714,0.40476190476190477,-0.5,0.3157894736842109,0.11111111111111124,0.1250000000000007
405,0.3809523809523805,-0.8750000000000001,0.5882352941176472,-1.142857142857143,-0.952380952380953,-0.14285714285714285,-0.2857142857142857,-0.04545454545454087,0.26315789473684126,0.7777777777777781,-0.06249999999999979
1211,-0.6190476190476195,-0.3333333333333334,-0.32352941176470595,-0.14285714285714296,-0.14285714285714304,0.6428571428571429,0.38095238095238093,-0.45454545454545914,0.052631578947367315,0.0,-0.5624999999999992
78,-0.5714285714285716,0.9583333333333333,-0.41176470588235303,-0.2857142857142859,0.3333333333333331,-0.07142857142857142,1.0238095238095237,-0.4090909090909183,0.3684210526315782,-0.5555555555555556,-0.06249999999999979
1157,-1.333333333333334,-0.041666666666666706,-0.2352941176470589,-0.14285714285714296,-1.7619047619047625,0.21428571428571427,1.5238095238095237,-1.9545454545455097,0.7894736842105261,1.3888888888888893,1.687500000000001
1108,0.09523809523809491,1.0833333333333335,-0.4705882352941177,1.5714285714285705,0.5238095238095238,-0.6428571428571429,-0.5714285714285714,0.8409090909091069,0.26315789473684126,-0.7222222222222225,-0.43749999999999967
198,-1.1904761904761907,1.3124999999999998,-0.5294117647058824,-1.4285714285714286,-1.5714285714285723,0.0,1.3333333333333333,-1.9545454545455097,1.3684210526315783,1.2777777777777781,1.7500000000000009
562,0.5238095238095237,0.08333333333333341,0.6764705882352942,0.9999999999999993,0.7142857142857145,2.0,1.7380952380952381,0.6818181818181634,-1.210526315789474,-0.05555555555555562,-0.6250000000000001
1019,-0.4285714285714288,-0.08333333333333341,-0.35294117647058826,-0.5714285714285715,-0.04761904761904768,-0.21428571428571427,-0.3333333333333333,-0.15454545454545912,1.1578947368421042,-0.05555555555555562,0.1250000000000007
1063,1.095238095238095,-0.9583333333333335,1.147058823529412,0.28571428571428525,-0.19047619047619072,-0.5,-0.47619047619047616,-0.47727272727272957,-0.47368421052631515,0.05555555555555562,1.000000000000001
1061,0.5714285714285712,-0.5,0.7058823529411765,-0.5714285714285715,-0.38095238095238143,-0.42857142857142855,-0.5,-0.9454545454545913,-0.5263157894736848,0.38888888888888873,1.4375000000000007
1505,-0.5714285714285716,1.0,-0.7058823529411766,-0.5714285714285715,-0.04761904761904768,-0.5,-0.5952380952380952,-0.31818181818183655,1.2631578947368411,0.05555555555555562,-0.15625000000000003
460,0.6190476190476186,-0.3750000000000001,0.7647058823529412,0.14285714285714232,0.19047619047619072,0.07142857142857142,-0.3333333333333333,0.4090909090909183,0.21052631578947392,-0.05555555555555562,0.687500000000001
1558,-0.4761904761904763,0.4583333333333333,0.20588235294117652,6.428571428571427,7.428571428571431,3.7857142857142856,1.8571428571428572,0.5318181818181887,-0.47368421052631515,-0.33333333333333315,-0.43749999999999967
451,0.23809523809523814,-0.6250000000000001,0.7941176470588237,-0.5714285714285715,15.90476190476191,-0.2857142857142857,-0.2619047619047619,0.5454545454545409,-1.3157894736842108,2.4444444444444455,-0.6874999999999999
1324,-0.5714285714285716,-0.25,-0.05882352941176476,-0.7142857142857144,-0.09523809523809536,0.35714285714285715,-0.07142857142857142,-0.8636363636363774,0.42105263157894784,-0.11111111111111124,0.2500000000000003
947,0.1904761904761907,-1.0,0.6470588235294118,-0.14285714285714296,0.6666666666666669,-0.5,-0.5952380952380952,-1.1909090909091322,-0.2631578947368436,0.0,1.3750000000000009
1101,-0.23809523809523814,-0.1250000000000001,0.02941176470588238,-0.14285714285714296,-0.38095238095238143,0.07142857142857142,-0.2857142857142857,-1.281818181818214,0.21052631578947392,0.05555555555555562,1.1250000000000007
1121,-0.6190476190476195,-0.08333333333333341,-0.7647058823529412,-0.5714285714285715,-0.80952380952381,0.5714285714285714,-0.21428571428571427,-1.4454545454545913,0.6842105263157892,-0.38888888888888873,1.312500000000001
570,1.7142857142857144,-0.7083333333333335,0.6764705882352942,1.5714285714285705,-0.4285714285714285,-0.21428571428571427,0.0,1.6363636363636227,0.052631578947367315,1.6111111111111118,0.5000000000000006
471,0.8095238095238093,0.08333333333333341,0.47058823529411764,0.28571428571428525,0.09523809523809536,0.8571428571428571,0.35714285714285715,0.1363636363636226,-0.5789473684210521,0.5,0.7500000000000009
670,-0.4761904761904763,-0.5,-0.05882352941176476,0.4285714285714282,0.19047619047619072,1.2142857142857142,0.19047619047619047,-0.3636363636363774,-0.2631578947368436,-0.2222222222222225,-0.12499999999999958
1418,-0.04761904761904788,0.041666666666666706,-0.7352941176470589,-0.8571428571428571,-0.09523809523809536,-0.7142857142857143,-0.42857142857142855,-0.7727272727272957,-0.7894736842105261,-0.8888888888888891,-0.24999999999999917
362,1.904761904761905,0.24999999999999978,1.1764705882352944,0.4285714285714282,-0.33333333333333376,-0.5,0.0,1.1363636363636227,-1.3684210526315805,-0.33333333333333315,-0.12499999999999958
368,1.1428571428571432,-0.75,0.7647058823529412,0.8571428571428564,3.809523809523811,0.14285714285714285,0.9047619047619048,1.4090909090909183,-0.6842105263157892,0.11111111111111124,-0.49999999999999944
711,0.4761904761904763,0.18749999999999972,0.2352941176470589,1.1428571428571423,0.6666666666666669,0.21428571428571427,1.7857142857142858,1.4090909090909183,0.3684210526315782,-0.05555555555555562,-0.43749999999999967
755,-0.04761904761904788,1.6250000000000002,-0.5588235294117647,-0.4285714285714288,-1.0000000000000002,0.6428571428571429,0.23809523809523808,-0.6590909090909435,1.0526315789473673,-1.055555555555556,0.31250000000000006
1066,-0.6190476190476195,0.0,-0.5294117647058824,0.28571428571428525,-0.4285714285714285,0.0,-0.2619047619047619,-1.4181818181818366,0.47368421052631515,0.5555555555555556,1.4375000000000007
582,1.8095238095238093,-0.1250000000000001,0.6764705882352942,0.0,0.19047619047619072,-0.5714285714285714,-0.5238095238095238,1.5,-0.6315789473684218,-1.055555555555556,-0.6250000000000001
900,0.4761904761904763,-0.8750000000000001,0.2941176470588235,0.5714285714285712,-1.0952380952380958,-0.21428571428571427,0.047619047619047616,-0.4909090909091322,0.47368421052631515,0.38888888888888873,1.000000000000001
1437,-0.5238095238095242,1.6458333333333335,0.08823529411764698,3.7142857142857126,-0.4285714285714285,0.14285714285714285,0.047619047619047616,-0.42272727272727045,1.1578947368421042,-0.44444444444444436,0.5625000000000003
337,-0.04761904761904788,-0.3750000000000001,0.17647058823529413,0.8571428571428564,0.04761904761904768,1.1428571428571428,0.5,0.3181818181817861,0.0,0.11111111111111124,0.0625000000000009
411,0.5714285714285712,-0.2916666666666667,0.2647058823529411,0.28571428571428525,0.04761904761904768,0.7142857142857143,0.9761904761904762,0.9090909090909183,0.3684210526315782,0.0,-0.43749999999999967
73,0.1904761904761907,0.6458333333333335,0.0,-0.14285714285714296,0.23809523809523842,-0.14285714285714285,0.14285714285714285,0.4090909090909183,0.0,-0.5,-0.6250000000000001
476,0.666666666666667,-1.0416666666666667,0.4411764705882352,-0.2857142857142859,0.5714285714285715,-0.5,-0.5,0.5909090909090817,-0.15789473684210661,0.44444444444444436,-0.31250000000000006
999,-0.7142857142857144,0.708333333333333,-0.7647058823529412,-0.7857142857142859,-1.1428571428571435,-0.42857142857142855,-0.5952380952380952,-2.3090909090909686,0.8421052631578957,-0.5,1.687500000000001
146,-1.0000000000000004,0.6666666666666669,-0.7058823529411766,-0.5714285714285715,0.3809523809523808,0.5714285714285714,1.3571428571428572,-1.0454545454545914,1.210526315789474,-0.5555555555555556,-0.12499999999999958
1017,0.04761904761904746,-1.4166666666666667,0.3235294117647059,-1.857142857142857,-1.428571428571429,1.6428571428571428,1.7142857142857142,-3.0136363636364027,-2.210526315789474,-1.0000000000000002,1.5625000000000004
647,0.1904761904761907,1.3541666666666665,-0.7352941176470589,0.0,-0.4285714285714285,-0.5714285714285714,-0.5476190476190477,0.0,0.052631578947367315,-0.2222222222222225,0.5000000000000006
1182,1.095238095238095,-0.5,0.41176470588235303,0.4285714285714282,-0.5238095238095238,2.0,0.40476190476190477,0.38181818181816346,0.3684210526315782,1.3333333333333337,0.1875000000000005
226,0.4761904761904763,0.29166666666666646,0.7058823529411765,-0.2857142857142859,12.285714285714292,1.0,1.0476190476190477,-0.13636363636367307,-1.4210526315789478,5.500000000000003,-0.43749999999999967
1062,0.04761904761904746,-0.5833333333333334,0.5294117647058824,-0.4285714285714288,0.9047619047619053,-0.5,-0.5238095238095238,-0.5,-0.05263157894736965,0.11111111111111124,0.7500000000000009
1384,-0.3809523809523814,0.9791666666666666,-0.32352941176470595,-0.5714285714285715,1.3333333333333337,0.5,1.119047619047619,-0.35000000000002524,-0.6315789473684218,-0.6666666666666669,-0.43749999999999967
390,-1.0952380952380958,1.3749999999999998,-0.6176470588235295,-1.142857142857143,-1.61904761904762,-0.07142857142857142,1.2142857142857142,-1.9545454545455097,1.3157894736842108,1.1111111111111112,1.687500000000001
1210,-0.5238095238095242,0.5416666666666667,-0.7058823529411766,-0.14285714285714296,-0.04761904761904768,-0.35714285714285715,-0.5238095238095238,-0.7818181818182139,0.21052631578947392,0.0,0.1250000000000007
1480,-1.0952380952380958,0.4166666666666666,-0.6764705882352942,-1.0,0.04761904761904768,-0.5,-0.5714285714285714,-0.7818181818182139,1.8421052631578958,0.0,-0.06249999999999979
892,1.0476190476190474,-0.2916666666666667,-0.08823529411764706,-0.4285714285714288,0.14285714285714304,-0.21428571428571427,-0.4523809523809524,0.4727272727272452,-0.47368421052631515,0.16666666666666688,-0.5624999999999992
1107,0.5714285714285712,-0.9166666666666669,0.4411764705882352,-0.2857142857142859,-0.5238095238095238,-0.21428571428571427,-0.30952380952380953,-0.6681818181818617,-0.21052631578947392,1.2777777777777781,0.9375000000000002
1177,-0.3809523809523814,0.5833333333333334,-0.7647058823529412,0.28571428571428525,-1.2857142857142865,-0.5,-0.6190476190476191,-1.6000000000000505,0.21052631578947392,0.2222222222222225,1.5625000000000004
204,-0.4285714285714288,-0.3750000000000001,0.2941176470588235,-0.8571428571428571,0.47619047619047616,0.07142857142857142,0.0,-0.25000000000002526,0.15789473684210428,-0.33333333333333315,-0.6250000000000001
1111,-1.1904761904761907,-0.4166666666666668,0.02941176470588238,-0.2857142857142859,0.6190476190476192,0.7142857142857143,0.42857142857142855,-0.9045454545454844,2.473684210526315,0.11111111111111124,1.312500000000001
1381,-0.5238095238095242,1.2916666666666665,-0.5000000000000001,-0.5714285714285715,-0.23809523809523842,-0.6428571428571429,-0.2857142857142857,-0.6181818181818365,0.3684210526315782,-0.9444444444444446,-0.37499999999999983
860,-0.3333333333333335,0.4166666666666666,-0.5882352941176472,0.7142857142857141,-0.09523809523809536,0.14285714285714285,1.1428571428571428,0.34545454545454085,1.0526315789473673,-0.44444444444444436,-0.43749999999999967
1290,-0.1428571428571432,0.9166666666666666,-0.7647058823529412,-0.4285714285714288,1.0000000000000007,-0.5,-0.5952380952380952,-0.6772727272727296,0.26315789473684126,-0.16666666666666688,0.5000000000000006
1539,-0.3333333333333335,-0.5416666666666667,0.17647058823529413,-0.5714285714285715,-0.6666666666666669,1.5,0.5476190476190477,0.2,0.7894736842105261,0.8888888888888894,-0.18749999999999936
449,1.904761904761905,-0.5416666666666667,1.2647058823529411,0.8571428571428564,0.7619047619047622,0.2857142857142857,-0.047619047619047616,1.2272727272727044,-1.105263157894737,-0.05555555555555562,0.375000000000001
386,-0.04761904761904788,0.08333333333333341,0.0,-0.2857142857142859,0.4285714285714285,0.7142857142857143,0.2619047619047619,0.6363636363636226,0.5263157894736848,0.6666666666666669,-0.6250000000000001
1030,-0.3809523809523814,0.29166666666666646,-0.7647058823529412,-0.14285714285714296,0.5714285714285715,-0.2857142857142857,-0.5476190476190477,-0.8272727272727548,0.5789473684210521,-0.38888888888888873,0.8125000000000007
853,0.666666666666667,-0.6666666666666669,0.3823529411764706,-1.0,0.04761904761904768,2.0,0.42857142857142855,-0.08181818181821393,0.8421052631578957,0.6111111111111113,0.4375000000000008
1320,0.8571428571428568,0.5833333333333334,0.2352941176470589,0.5714285714285712,0.7142857142857145,-0.07142857142857142,1.2142857142857142,0.5727272727272452,-0.2631578947368436,0.2222222222222225,-0.06249999999999979
1391,0.04761904761904746,0.5,-0.11764705882352945,0.28571428571428525,0.7142857142857145,-0.5714285714285714,-0.09523809523809523,-0.2636363636363774,0.3157894736842109,-0.2222222222222225,0.5000000000000006
981,0.7619047619047619,1.4166666666666665,0.0,-0.4285714285714288,0.0,0.0,-0.21428571428571427,0.19090909090908173,-0.3157894736842109,0.0,-0.12499999999999958
1497,-0.4761904761904763,0.9166666666666666,-0.6764705882352942,0.14285714285714232,-1.1904761904761911,-0.42857142857142855,-0.5,-0.7363636363636731,0.7368421052631587,0.05555555555555562,0.8125000000000007
840,1.5238095238095237,-0.4166666666666668,0.6176470588235293,0.6428571428571423,0.2857142857142861,-0.2857142857142857,-0.07142857142857142,0.3,-0.3684210526315782,0.8333333333333337,1.1875000000000004
1519,-0.6190476190476195,0.7499999999999998,-0.5294117647058824,0.5714285714285712,1.285714285714286,0.07142857142857142,-0.23809523809523808,-0.022727272727270435,0.6842105263157892,-0.2222222222222225,0.0
935,0.4285714285714288,-0.9166666666666669,0.35294117647058826,0.14285714285714232,-0.9047619047619053,0.42857142857142855,0.8333333333333334,-0.5772727272727296,0.42105263157894784,0.5555555555555556,1.000000000000001
839,-0.9047619047619051,-0.08333333333333341,-0.6470588235294118,0.0,0.6190476190476192,0.0,-0.2619047619047619,-0.10454545454548436,0.7894736842105261,-0.8333333333333337,-0.12499999999999958
1484,-0.5238095238095242,1.6250000000000002,-0.5882352941176472,-0.2857142857142859,-0.9047619047619053,-0.6428571428571429,-0.6190476190476191,-0.35454545454545916,1.1578947368421042,0.11111111111111124,0.4375000000000008
557,3.666666666666667,0.5208333333333334,0.6764705882352942,2.8571428571428563,0.7619047619047622,-0.21428571428571427,-0.3333333333333333,2.9318181818181888,-2.0526315789473695,0.6666666666666669,0.5625000000000003
824,-0.3809523809523814,-0.16666666666666682,0.05882352941176476,0.8571428571428564,-0.5238095238095238,-0.5,-0.5,0.054545454545459136,-0.3684210526315782,-0.5,0.0625000000000009
1390,-0.9047619047619051,-0.1250000000000001,-0.7647058823529412,0.14285714285714232,-0.5238095238095238,0.14285714285714285,-0.09523809523809523,-1.7181818181818365,1.4210526315789478,-0.16666666666666688,1.4375000000000007
222,-0.5238095238095242,0.3749999999999999,-0.6470588235294118,-1.0,-1.0476190476190481,-0.5714285714285714,-0.6428571428571429,-0.6590909090909435,0.5789473684210521,-0.11111111111111124,-0.43749999999999967
1015,1.2380952380952381,-0.5416666666666667,0.5882352941176472,0.0,-0.19047619047619072,0.07142857142857142,-0.23809523809523808,-0.3272727272727548,-1.3157894736842108,1.2222222222222225,0.7500000000000009
578,0.4285714285714288,-0.20833333333333354,0.6764705882352942,0.9999999999999993,0.2857142857142861,0.2857142857142857,1.7380952380952381,0.6818181818181634,-0.10526315789473696,-0.11111111111111124,-0.24999999999999917
1257,-0.4285714285714288,0.24999999999999978,0.05882352941176476,3.7142857142857126,0.2857142857142861,-0.07142857142857142,0.7619047619047619,-0.1681818181818113,0.052631578947367315,0.44444444444444436,0.5000000000000006
1013,-0.1904761904761907,0.7916666666666665,-0.7647058823529412,-0.8571428571428571,0.6190476190476192,0.6428571428571429,-0.14285714285714285,-0.1590909090909435,0.3684210526315782,-0.2222222222222225,-0.12499999999999958
109,0.09523809523809491,1.1041666666666667,0.7647058823529412,-0.2857142857142859,2.0476190476190483,1.7142857142857142,2.761904761904762,0.09090909090908174,-0.5263157894736848,0.38888888888888873,-0.5624999999999992
407,1.9523809523809526,-0.5416666666666667,1.1764705882352944,1.1428571428571423,0.6666666666666669,-0.07142857142857142,-0.16666666666666666,1.3181818181818366,-0.6842105263157892,0.05555555555555562,0.375000000000001
50,0.4285714285714288,0.5833333333333334,0.0,-0.7142857142857144,-0.23809523809523842,-0.6428571428571429,-0.3333333333333333,0.18181818181816348,-0.8421052631578957,0.6666666666666669,-0.6250000000000001
872,-0.28571428571428603,-0.7083333333333335,-0.05882352941176476,-0.2857142857142859,-0.5714285714285715,1.0714285714285714,0.2619047619047619,-0.4272727272727548,0.6315789473684218,-0.44444444444444436,-0.12499999999999958
315,-0.3809523809523814,-0.7083333333333335,0.08823529411764698,0.4285714285714282,0.80952380952381,0.5,0.38095238095238093,-0.2272727272727548,0.5789473684210521,0.16666666666666688,0.5000000000000006
1072,-0.3333333333333335,-0.7083333333333335,0.0,-0.5714285714285715,0.19047619047619072,1.4285714285714286,0.9047619047619048,0.04545454545454087,0.47368421052631515,-0.2222222222222225,-0.43749999999999967
543,1.5714285714285712,0.5833333333333334,-0.05882352941176476,0.4285714285714282,0.2857142857142861,0.21428571428571427,0.38095238095238093,1.1818181818181634,-1.3157894736842108,0.5555555555555556,0.5000000000000006
604,0.1904761904761907,0.24999999999999978,-0.3823529411764706,0.9999999999999993,0.80952380952381,0.07142857142857142,0.6190476190476191,0.7727272727272452,-0.7368421052631587,0.0,-0.6874999999999999
705,0.23809523809523814,2.145833333333333,-0.32352941176470595,5.428571428571427,-0.2857142857142861,-0.14285714285714285,0.40476190476190477,1.045454545454541,0.3157894736842109,-0.7222222222222225,-0.18749999999999936
434,1.1904761904761907,-0.45833333333333354,0.8529411764705884,1.4285714285714282,-0.14285714285714304,0.6428571428571429,0.40476190476190477,1.3181818181818366,-0.8421052631578957,1.5000000000000007,-0.18749999999999936
1292,-0.9523809523809526,-0.5208333333333334,-0.3823529411764706,0.28571428571428525,-1.0952380952380958,0.07142857142857142,-0.21428571428571427,-1.4000000000000505,1.6315789473684217,0.2777777777777781,1.3750000000000009
19,0.0,-0.8333333333333334,0.7352941176470589,-0.5714285714285715,12.476190476190482,0.2857142857142857,0.4523809523809524,0.09090909090908174,-1.4210526315789478,2.5555555555555567,-0.6250000000000001
918,0.23809523809523814,-0.6666666666666669,0.17647058823529413,0.0,0.09523809523809536,1.3571428571428572,1.0,-0.13636363636367307,-0.05263157894736965,0.5555555555555556,0.5000000000000006
196,-0.28571428571428603,0.24999999999999978,0.11764705882352937,0.28571428571428525,-0.23809523809523842,0.14285714285714285,0.42857142857142855,0.04545454545454087,0.7894736842105261,-0.16666666666666688,0.0
709,0.8571428571428568,-0.8750000000000001,0.6176470588235293,-0.8571428571428571,-0.80952380952381,0.0,-0.09523809523809523,0.7272727272727043,-0.21052631578947392,0.2222222222222225,-0.12499999999999958
658,-0.3333333333333335,0.0,-0.5588235294117647,-1.142857142857143,-0.23809523809523842,-0.5714285714285714,-0.40476190476190477,0.2727272727272452,0.052631578947367315,1.0555555555555562,-0.37499999999999983
605,0.1904761904761907,0.3333333333333332,-0.3823529411764706,0.5714285714285712,0.2857142857142861,-0.5,-0.30952380952380953,0.7727272727272452,0.0,-0.16666666666666688,-0.6250000000000001
49,-1.0952380952380958,-0.8750000000000001,0.3235294117647059,-1.142857142857143,-0.23809523809523842,-0.07142857142857142,1.4047619047619047,-0.5909090909091322,0.052631578947367315,-0.2222222222222225,-0.6250000000000001
221,-0.23809523809523814,0.041666666666666706,0.0,-0.2857142857142859,1.0476190476190483,0.21428571428571427,0.8333333333333334,-0.45454545454545914,-0.8421052631578957,-0.2777777777777781,-0.49999999999999944
1442,-0.4761904761904763,0.4583333333333333,-0.7058823529411766,-0.4285714285714288,-0.04761904761904768,0.35714285714285715,-0.16666666666666666,0.19090909090908173,0.47368421052631515,0.7222222222222225,-0.24999999999999917
671,0.14285714285714238,0.8749999999999999,-0.14705882352941183,-0.7142857142857144,-0.23809523809523842,-0.5714285714285714,-0.5714285714285714,0.04545454545454087,-0.5789473684210521,-0.5555555555555556,-0.43749999999999967
1509,0.0,-1.4166666666666667,0.41176470588235303,-0.5714285714285715,-0.80952380952381,-0.42857142857142855,-0.40476190476190477,-1.1818181818182139,-0.15789473684210661,0.44444444444444436,0.5625000000000003
1415,-0.8095238095238098,0.24999999999999978,-0.7647058823529412,-0.8571428571428571,-0.6666666666666669,-0.35714285714285715,-0.4523809523809524,-0.04545454545454087,1.3157894736842108,1.2222222222222225,-0.49999999999999944
826,-0.1904761904761907,-1.0416666666666667,0.2352941176470589,0.14285714285714232,-1.3809523809523814,-0.6428571428571429,-0.6904761904761905,-0.7272727272727548,0.47368421052631515,0.11111111111111124,0.5000000000000006
1298,-1.047619047619048,0.3333333333333332,-0.7647058823529412,-1.142857142857143,-0.7619047619047622,-0.14285714285714285,-0.4523809523809524,-2.17727272727278,0.7368421052631587,-0.33333333333333315,1.2500000000000002
1466,-0.28571428571428603,-0.16666666666666682,0.17647058823529413,-0.14285714285714296,-0.80952380952381,1.2857142857142858,0.40476190476190477,0.2636363636363774,-0.05263157894736965,0.16666666666666688,-0.12499999999999958
805,0.14285714285714238,-1.0,0.41176470588235303,0.28571428571428525,-1.2857142857142865,-0.6428571428571429,-0.6428571428571429,-1.4272727272727548,0.10526315789473696,0.44444444444444436,1.6250000000000013
1186,-0.6190476190476195,1.1666666666666667,-0.6764705882352942,7.999999999999997,0.0,-0.5,-0.5952380952380952,-0.18181818181821394,1.105263157894737,-0.6666666666666669,1.2500000000000002
142,-1.285714285714286,-0.75,-0.7647058823529412,-0.5714285714285715,-1.3809523809523814,1.0,0.6190476190476191,-2.3181818181818366,1.9473684210526327,0.944444444444445,2.375000000000001
1441,-0.23809523809523814,1.1041666666666667,-0.20588235294117652,4.285714285714285,0.7142857142857145,0.42857142857142855,1.4523809523809523,0.19545454545451563,-0.7894736842105261,-0.5555555555555556,-0.39583333333333093
75,0.4285714285714288,-0.45833333333333354,1.1176470588235294,0.0,0.6666666666666669,-0.2857142857142857,0.11904761904761904,0.8636363636363774,1.210526315789474,0.2222222222222225,0.1875000000000005
1311,-0.666666666666667,-0.041666666666666706,-0.32352941176470595,1.1428571428571423,-0.7142857142857145,-0.07142857142857142,-0.23809523809523808,-1.7272727272727548,0.10526315789473696,-0.16666666666666688,1.6250000000000013
201,0.4285714285714288,-0.6250000000000001,0.6470588235294118,-0.14285714285714296,0.8571428571428577,1.8571428571428572,2.5714285714285716,0.3636363636363774,-1.4210526315789478,2.2777777777777786,-0.5624999999999992
15,0.4761904761904763,0.4166666666666666,-0.20588235294117652,2.4285714285714275,4.333333333333336,2.7142857142857144,2.642857142857143,0.8636363636363774,-0.7368421052631587,1.7222222222222232,-0.6250000000000001
1422,-0.4285714285714288,0.08333333333333341,-0.7647058823529412,-0.14285714285714296,0.0,1.8571428571428572,0.42857142857142855,-0.5,0.42105263157894784,1.2222222222222225,0.7500000000000009
6,0.0,0.3333333333333332,-0.5882352941176472,-0.8571428571428571,-0.47619047619047616,0.14285714285714285,0.5238095238095238,-0.13636363636367307,-0.05263157894736965,-0.8888888888888891,-0.49999999999999944
887,1.333333333333333,0.0,0.35294117647058826,0.5714285714285712,-0.6190476190476192,1.1428571428571428,0.4523809523809524,-0.42272727272727045,-0.8421052631578957,0.944444444444445,1.1875000000000004
461,0.1904761904761907,0.39583333333333326,-0.11764705882352945,0.5714285714285712,0.3809523809523808,-0.5,-0.42857142857142855,0.6818181818181634,-0.2631578947368436,-0.05555555555555562,-0.5624999999999992
3,1.5714285714285712,-1.0,0.8823529411764708,-0.4285714285714288,-0.19047619047619072,0.2857142857142857,0.5476190476190477,0.5909090909090817,-0.7894736842105261,-0.2222222222222225,-0.24999999999999917
1531,-0.8571428571428577,0.7708333333333331,-0.4705882352941177,0.8571428571428564,0.09523809523809536,0.0,-0.21428571428571427,-0.17727272727272958,1.5263157894736847,0.2222222222222225,0.0
297,-0.3809523809523814,0.4583333333333333,-0.5882352941176472,-0.2857142857142859,0.19047619047619072,-0.35714285714285715,-0.19047619047619047,0.8409090909091069,1.894736842105263,0.6111111111111113,-0.37499999999999983
199,-0.4761904761904763,2.3750000000000004,-0.5882352941176472,-0.14285714285714296,-0.8571428571428577,-0.07142857142857142,-0.14285714285714285,-0.8636363636363774,1.0526315789473673,-1.055555555555556,0.7500000000000009
1277,-0.4285714285714288,0.708333333333333,-0.7647058823529412,-0.4285714285714288,1.6666666666666676,-0.7142857142857143,-0.6428571428571429,-0.15454545454545912,0.21052631578947392,-0.11111111111111124,-0.31250000000000006
1094,-0.6190476190476195,0.8541666666666665,-0.5000000000000001,4.714285714285713,1.8095238095238106,-0.2857142857142857,-0.47619047619047616,-0.0681818181818113,0.21052631578947392,-0.7222222222222225,0.375000000000001
1162,0.2857142857142856,-0.8333333333333334,0.47058823529411764,0.14285714285714232,-0.19047619047619072,-0.07142857142857142,-0.42857142857142855,-1.0727272727272956,-0.894736842105263,0.5,1.000000000000001
314,-0.23809523809523814,-0.6666666666666669,0.08823529411764698,0.5714285714285712,0.3809523809523808,0.9285714285714286,0.8333333333333334,-0.11363636363640263,0.42105263157894784,0.33333333333333376,0.5000000000000006
200,0.8095238095238093,-0.8333333333333334,0.6176470588235293,-1.142857142857143,-1.0952380952380958,-0.2857142857142857,-0.30952380952380953,0.11363636363635217,-0.47368421052631515,1.1111111111111112,0.0625000000000009
1453,-0.1428571428571432,-0.1250000000000001,0.20588235294117652,-0.4285714285714288,-0.23809523809523842,1.0,1.1428571428571428,0.16363636363632694,0.5263157894736848,-0.2222222222222225,-0.7499999999999997
940,0.8095238095238093,-0.7916666666666667,0.7647058823529412,0.0,-0.23809523809523842,0.0,-0.2857142857142857,-0.7318181818181887,0.26315789473684126,0.7777777777777781,1.3750000000000009
39,-0.28571428571428603,-0.2916666666666667,0.2941176470588235,5.285714285714285,-0.23809523809523842,-0.07142857142857142,1.1904761904761905,0.5,0.10526315789473696,1.166666666666667,0.1875000000000005
1242,0.5238095238095237,-0.5,0.4411764705882352,-0.2857142857142859,-1.0000000000000002,0.14285714285714285,0.07142857142857142,-1.1636363636363773,-0.47368421052631515,-0.11111111111111124,1.2500000000000002
489,0.666666666666667,-0.5416666666666667,0.41176470588235303,0.5714285714285712,-0.2857142857142861,-0.21428571428571427,-0.2619047619047619,0.7727272727272452,0.15789473684210428,0.7222222222222225,0.0
364,2.333333333333334,0.39583333333333326,1.1764705882352944,5.1428571428571415,0.19047619047619072,-0.42857142857142855,0.11904761904761904,2.5,-1.2631578947368436,0.6111111111111113,-0.12499999999999958
257,-0.6190476190476195,0.7291666666666664,-0.7647058823529412,-0.14285714285714296,-0.19047619047619072,-0.07142857142857142,0.4523809523809524,0.04545454545454087,0.9473684210526326,0.2777777777777781,-0.6250000000000001
1197,-0.09523809523809534,0.20833333333333307,-0.14705882352941183,-1.0,-0.47619047619047616,-0.6428571428571429,-0.6666666666666666,-0.9636363636363774,-0.7894736842105261,-0.44444444444444436,-0.24999999999999917
375,1.7142857142857144,0.08333333333333341,1.3235294117647058,3.1428571428571423,2.1428571428571437,-0.5,-0.5238095238095238,0.7727272727272452,-1.5789473684210544,1.166666666666667,1.000000000000001
547,1.2857142857142856,-0.8750000000000001,0.6764705882352942,0.4285714285714282,-0.5714285714285715,-0.5,-0.38095238095238093,0.9090909090909183,-0.2631578947368436,1.3333333333333337,0.31250000000000006
590,0.5238095238095237,-0.2916666666666667,0.6764705882352942,0.5714285714285712,0.23809523809523842,0.5714285714285714,0.9047619047619048,0.9090909090909183,0.21052631578947392,-0.2777777777777781,-0.31250000000000006
937,1.9523809523809526,0.4583333333333333,0.7058823529411765,-1.142857142857143,-0.38095238095238143,-0.5,-0.2619047619047619,0.5499999999999747,-1.2631578947368436,-0.11111111111111124,0.1250000000000007
982,-0.28571428571428603,0.0,0.17647058823529413,-0.14285714285714296,-0.4285714285714285,2.7142857142857144,0.7857142857142857,-1.1454545454545912,0.15789473684210428,1.1111111111111112,1.687500000000001
524,0.6190476190476186,-0.3750000000000001,0.6764705882352942,0.28571428571428525,0.3333333333333331,0.7142857142857143,1.880952380952381,0.4090909090909183,-0.42105263157894784,0.11111111111111124,-0.43749999999999967
1091,0.0,-0.75,0.47058823529411764,-0.2857142857142859,0.3333333333333331,-0.35714285714285715,-0.42857142857142855,-0.5636363636363774,0.21052631578947392,-0.11111111111111124,0.7500000000000009
167,-0.28571428571428603,0.1250000000000001,-0.6764705882352942,-0.8571428571428571,-0.33333333333333376,0.2857142857142857,0.11904761904761904,-0.5,0.3157894736842109,-0.7777777777777781,-0.7499999999999997
1559,-0.04761904761904788,0.3333333333333332,0.0,-0.2857142857142859,0.04761904761904768,1.2857142857142858,2.238095238095238,-0.21818181818183655,-0.5263157894736848,-0.5555555555555556,-0.18749999999999936
757,0.09523809523809491,1.4583333333333333,-0.7647058823529412,0.0,0.23809523809523842,-0.21428571428571427,-0.14285714285714285,-0.0636363636363774,-0.3157894736842109,-0.6666666666666669,-0.24999999999999917
174,-0.28571428571428603,-0.5833333333333334,-0.14705882352941183,-0.2857142857142859,0.04761904761904768,-0.42857142857142855,-0.047619047619047616,-0.2727272727272957,0.10526315789473696,-0.8333333333333337,-0.43749999999999967
1263,0.14285714285714238,1.0833333333333335,-0.7647058823529412,0.0,0.47619047619047616,0.0,-0.2619047619047619,0.5,0.3157894736842109,-0.8888888888888891,-0.37499999999999983
743,1.7619047619047619,-0.45833333333333354,0.9411764705882353,0.8571428571428564,0.80952380952381,0.8571428571428571,1.5238095238095237,1.6090909090909182,-0.9473684210526326,-0.5,-0.12499999999999958
932,-0.1428571428571432,-0.5,0.08823529411764698,-0.4285714285714288,-0.04761904761904768,1.1428571428571428,0.6904761904761905,0.18181818181816348,0.7368421052631587,-0.16666666666666688,-0.43749999999999967
494,-0.666666666666667,-0.5416666666666667,-0.08823529411764706,8.714285714285714,-1.3333333333333341,1.0714285714285714,1.2857142857142858,-0.681818181818214,0.6842105263157892,-0.38888888888888873,1.1875000000000004
1393,0.04761904761904746,0.0,-0.02941176470588238,-0.2857142857142859,-0.04761904761904768,0.42857142857142855,0.5238095238095238,-0.2636363636363774,-0.05263157894736965,-0.7777777777777781,0.0
504,1.2380952380952381,-1.1666666666666667,0.47058823529411764,-0.5714285714285715,-0.09523809523809536,-0.5,-0.35714285714285715,0.4090909090909183,-0.5263157894736848,2.38888888888889,0.375000000000001
1067,1.5238095238095237,-0.8750000000000001,0.7941176470588237,0.0,-0.9047619047619053,-0.7142857142857143,-0.6428571428571429,-0.4454545454545409,-1.5263157894736847,1.166666666666667,0.4375000000000008
573,1.2380952380952381,0.29166666666666646,0.6764705882352942,-0.14285714285714296,-0.4285714285714285,0.07142857142857142,0.23809523809523808,1.0909090909090817,-0.05263157894736965,-0.33333333333333315,-0.37499999999999983
32,0.1904761904761907,0.5625000000000001,-0.41176470588235303,0.14285714285714232,0.19047619047619072,0.14285714285714285,1.8095238095238095,-0.04545454545454087,-0.7368421052631587,0.2222222222222225,-0.24999999999999917
789,0.33333333333333304,0.4583333333333333,-0.2647058823529412,0.9999999999999993,0.952380952380953,0.5714285714285714,1.9523809523809523,0.5909090909090817,-1.1578947368421066,-0.5555555555555556,-0.5624999999999992
389,0.8095238095238093,-0.5833333333333334,0.14705882352941174,0.4285714285714282,0.80952380952381,0.21428571428571427,0.2857142857142857,0.6818181818181634,-0.6315789473684218,0.44444444444444436,-0.12499999999999958
796,0.3809523809523805,-0.25,0.14705882352941174,0.4285714285714282,2.238095238095239,0.7857142857142857,0.6428571428571429,0.34545454545454085,-1.105263157894737,0.6666666666666669,-0.37499999999999983
1573,-0.9047619047619051,0.24999999999999978,-0.17647058823529413,0.28571428571428525,-0.19047619047619072,0.14285714285714285,0.30952380952380953,-0.9227272727272704,1.4210526315789478,0.2777777777777781,1.4375000000000007
1243,0.1904761904761907,0.16666666666666682,-0.11764705882352945,0.28571428571428525,0.14285714285714304,-0.21428571428571427,1.1666666666666667,0.7272727272727043,0.3157894736842109,0.0,-0.43749999999999967
818,-0.3809523809523814,0.8124999999999998,-0.7647058823529412,0.2142857142857141,-0.38095238095238143,0.5714285714285714,0.23809523809523808,-0.17272727272729566,-0.10526315789473696,-0.9444444444444446,-0.49999999999999944
60,0.4285714285714288,-0.5,0.41176470588235303,0.0,0.0,0.42857142857142855,0.35714285714285715,0.5909090909090817,0.6842105263157892,0.11111111111111124,-0.6250000000000001
372,0.5714285714285712,-1.0,0.6470588235294118,-0.5714285714285715,-0.5714285714285715,0.9285714285714286,0.21428571428571427,0.0,0.052631578947367315,2.3333333333333344,0.2500000000000003
145,0.09523809523809491,0.6250000000000001,0.8529411764705884,-0.5714285714285715,1.8095238095238106,1.3571428571428572,2.4761904761904763,0.04545454545454087,-0.7368421052631587,0.0,-0.49999999999999944
822,-0.5714285714285716,0.08333333333333341,-0.3823529411764706,-0.2857142857142859,-0.14285714285714304,0.14285714285714285,-0.023809523809523808,0.2727272727272452,1.5789473684210522,0.11111111111111124,-0.24999999999999917
112,0.23809523809523814,0.3333333333333332,-0.4705882352941177,0.0,0.2857142857142861,0.07142857142857142,1.7619047619047619,-0.13636363636367307,-0.8421052631578957,0.2222222222222225,-0.24999999999999917
787,1.0,0.16666666666666682,-0.05882352941176476,0.0,0.0,0.42857142857142855,0.5,1.0909090909090817,-0.6842105263157892,-0.33333333333333315,-0.06249999999999979
1012,-0.09523809523809534,2.020833333333333,-0.32352941176470595,-0.14285714285714296,1.0952380952380953,-0.14285714285714285,-0.11904761904761904,-0.3,-0.42105263157894784,-0.7777777777777781,-0.12499999999999958
835,-0.1428571428571432,0.6041666666666667,-0.4705882352941177,-1.0,-0.6190476190476192,1.0,0.42857142857142855,-0.0681818181818113,0.42105263157894784,-0.6111111111111113,-0.5624999999999992
559,2.428571428571429,-0.20833333333333354,0.6764705882352942,2.9999999999999987,0.2857142857142861,-0.5,0.23809523809523808,2.454545454545459,-0.05263157894736965,0.33333333333333376,1.5625000000000004
843,-0.3809523809523814,0.6875000000000002,0.2647058823529411,-0.2857142857142859,0.4285714285714285,-0.2857142857142857,1.3095238095238095,-0.18181818181821394,-0.15789473684210661,0.0,-0.49999999999999944
1309,-0.4285714285714288,0.4166666666666666,-0.4705882352941177,-1.142857142857143,-0.38095238095238143,1.0,0.6190476190476191,-0.31818181818183655,-0.15789473684210661,-0.05555555555555562,-0.6250000000000001
792,-0.3809523809523814,0.3749999999999999,-0.7058823529411766,0.4285714285714282,0.09523809523809536,0.2857142857142857,1.1904761904761905,0.3409090909090565,0.894736842105263,-0.11111111111111124,-0.31250000000000006
1532,-0.3333333333333335,0.041666666666666706,-0.3823529411764706,-0.2857142857142859,-1.0000000000000002,0.35714285714285715,-0.35714285714285715,-0.44090909090910696,-0.5263157894736848,0.33333333333333376,-0.18749999999999936
1456,-0.9047619047619051,0.08333333333333341,-0.5882352941176472,-0.5714285714285715,-1.3809523809523814,1.7857142857142858,1.2380952380952381,-1.9727272727272958,-0.05263157894736965,-0.6666666666666669,0.21875000000000094
1282,0.0,1.0208333333333333,-0.7647058823529412,-0.2857142857142859,0.23809523809523842,-0.2857142857142857,-0.35714285714285715,-0.2318181818181887,0.10526315789473696,0.33333333333333376,0.4375000000000008
327,1.1428571428571432,-0.3333333333333334,0.7058823529411765,3.2857142857142847,1.3333333333333337,-0.5714285714285714,-0.5714285714285714,0.5909090909090817,-0.15789473684210661,1.166666666666667,0.8125000000000007
158,-0.3809523809523814,0.6666666666666669,-0.7647058823529412,0.0,-0.2857142857142861,-0.07142857142857142,-0.35714285714285715,0.09090909090908174,0.894736842105263,-0.6666666666666669,-0.5624999999999992
1449,-0.3333333333333335,-0.5833333333333334,0.14705882352941174,-0.2857142857142859,-1.0952380952380958,0.14285714285714285,-0.19047619047619047,-0.9,-0.42105263157894784,0.7777777777777781,0.687500000000001
1400,0.0,0.708333333333333,-0.14705882352941183,-0.14285714285714296,0.04761904761904768,1.4285714285714286,2.4761904761904763,-0.2272727272727548,-0.3157894736842109,-0.6111111111111113,-0.18749999999999936
1053,0.1904761904761907,-0.7916666666666667,0.47058823529411764,0.14285714285714232,-0.4285714285714285,-0.2857142857142857,-0.40476190476190477,-1.1090909090909182,0.3684210526315782,0.8333333333333337,1.5625000000000004
1322,0.5714285714285712,-0.75,0.47058823529411764,-0.5714285714285715,-1.0000000000000002,-0.2857142857142857,-0.4523809523809524,-1.2636363636363774,-0.6842105263157892,-0.38888888888888873,0.7500000000000009
1542,-0.5714285714285716,1.3958333333333333,-0.7058823529411766,-0.4285714285714288,-0.7142857142857145,1.1428571428571428,0.023809523809523808,-0.9,-0.05263157894736965,-0.33333333333333315,0.3437500000000005
414,0.4285714285714288,0.0,0.2352941176470589,0.7142857142857141,0.3809523809523808,0.7857142857142857,2.0238095238095237,0.6818181818181634,-0.2631578947368436,-0.05555555555555562,-0.43749999999999967
154,-0.3809523809523814,-0.3750000000000001,0.47058823529411764,4.714285714285713,-0.4285714285714285,1.1428571428571428,2.1904761904761907,0.2727272727272452,0.5789473684210521,0.5555555555555556,0.1875000000000005
554,3.6190476190476195,0.5208333333333334,0.6764705882352942,2.8571428571428563,0.7619047619047622,-0.21428571428571427,-0.3333333333333333,2.9318181818181888,-2.0526315789473695,0.6666666666666669,0.5625000000000003
610,0.4285714285714288,-1.1666666666666667,0.8235294117647061,0.4285714285714282,0.19047619047619072,0.8571428571428571,0.47619047619047616,0.7272727272727043,0.42105263157894784,-0.44444444444444436,-0.6250000000000001
1231,-0.04761904761904788,1.2291666666666665,-0.7352941176470589,0.5714285714285712,-0.23809523809523842,2.5,1.2619047619047619,-0.22272727272727044,0.3684210526315782,0.0,0.375000000000001
1414,1.0,-0.8333333333333334,0.9705882352941176,0.0,-0.09523809523809536,-0.7142857142857143,-0.5238095238095238,1.2272727272727044,-0.5789473684210521,0.8888888888888894,-0.37499999999999983
663,1.0476190476190474,-1.0,0.5882352941176472,-0.5714285714285715,-1.3809523809523814,-0.5714285714285714,-0.5714285714285714,0.3181818181817861,-1.4210526315789478,0.944444444444445,0.0
828,-0.04761904761904788,0.20833333333333307,-0.5000000000000001,0.14285714285714232,-0.6666666666666669,1.5,0.19047619047619047,-1.1500000000000252,0.7894736842105261,0.6666666666666669,1.5625000000000004
241,1.9523809523809526,-0.5833333333333334,0.8823529411764708,-0.14285714285714296,0.6666666666666669,-0.5,-0.30952380952380953,1.159090909090893,-0.894736842105263,0.5,0.4375000000000008
808,-0.23809523809523814,0.041666666666666706,-0.41176470588235303,-0.4285714285714288,4.095238095238098,-0.6428571428571429,-0.5952380952380952,0.14545454545454087,-0.2631578947368436,1.3333333333333337,-0.6250000000000001
531,1.904761904761905,-0.5833333333333334,0.6764705882352942,0.7142857142857141,0.9047619047619053,-0.07142857142857142,0.11904761904761904,1.6818181818181634,-0.7894736842105261,-0.05555555555555562,0.0625000000000009
1346,-0.8571428571428577,0.29166666666666646,-0.7352941176470589,-0.14285714285714296,-1.0952380952380958,-0.5714285714285714,-0.5714285714285714,-0.9,1.105263157894737,-0.33333333333333315,0.7500000000000009
12,-1.0952380952380958,0.39583333333333326,-0.7647058823529412,-0.8571428571428571,0.47619047619047616,0.21428571428571427,0.5238095238095238,-1.0909090909091321,1.4210526315789478,-0.5555555555555556,-0.18749999999999936
718,0.23809523809523814,0.16666666666666682,-0.6470588235294118,-0.2857142857142859,0.14285714285714304,-0.21428571428571427,-0.35714285714285715,0.4090909090909183,-0.47368421052631515,-1.0000000000000002,-0.37499999999999983
280,1.666666666666667,-1.0833333333333335,0.5294117647058824,1.9999999999999993,-0.38095238095238143,-0.5,-0.42857142857142855,0.8636363636363774,-1.0,1.1111111111111112,-0.5624999999999992
684,0.9047619047619051,1.9166666666666665,0.17647058823529413,0.14285714285714232,-0.04761904761904768,1.5714285714285714,2.738095238095238,0.5909090909090817,-0.3157894736842109,-0.7777777777777781,-0.49999999999999944
1591,-1.1904761904761907,0.9166666666666666,-0.5000000000000001,-0.7142857142857144,0.47619047619047616,0.21428571428571427,-0.2619047619047619,-1.2181818181818365,1.894736842105263,-0.33333333333333315,0.8750000000000004
34,-1.285714285714286,-0.8333333333333334,-0.02941176470588238,-0.5714285714285715,1.142857142857143,0.0,0.30952380952380953,-0.45454545454545914,0.3684210526315782,-0.38888888888888873,-0.6250000000000001
71,-0.09523809523809534,0.6250000000000001,-0.08823529411764706,-0.14285714285714296,0.4285714285714285,0.2857142857142857,1.4047619047619047,-0.2272727272727548,0.052631578947367315,-0.7777777777777781,-0.43749999999999967
94,-1.3809523809523814,2.0833333333333335,-0.6470588235294118,-1.142857142857143,-1.61904761904762,2.0,1.1428571428571428,-1.3181818181818366,2.315789473684211,-0.7777777777777781,0.1875000000000005
296,1.2857142857142856,1.2916666666666665,0.3235294117647059,0.5714285714285712,0.3333333333333331,0.9285714285714286,0.7857142857142857,0.6363636363636226,-0.7894736842105261,-0.5555555555555556,-0.18749999999999936
1265,-0.3333333333333335,0.20833333333333307,-0.6176470588235295,0.14285714285714232,0.09523809523809536,0.21428571428571427,-0.023809523809523808,-0.48181818181821395,0.3684210526315782,-0.11111111111111124,0.0625000000000009
317,0.8095238095238093,1.0416666666666667,-0.41176470588235303,0.9999999999999993,0.14285714285714304,1.2142857142857142,0.8809523809523809,0.8863636363636478,-0.05263157894736965,0.11111111111111124,0.1250000000000007
991,-0.3809523809523814,-0.75,0.05882352941176476,-0.2857142857142859,0.14285714285714304,1.2857142857142858,0.7380952380952381,0.10909090909091827,0.7368421052631587,-0.7777777777777781,-0.49999999999999944
62,-0.1904761904761907,0.0,-0.2941176470588236,-0.4285714285714288,0.2857142857142861,-0.07142857142857142,-0.047619047619047616,0.04545454545454087,0.3684210526315782,0.0,-0.43749999999999967
229,-0.4761904761904763,0.0,-0.02941176470588238,0.5714285714285712,0.09523809523809536,-0.21428571428571427,0.0,0.0681818181818113,0.7894736842105261,-0.6666666666666669,0.5000000000000006
994,1.0,-0.7083333333333335,0.5588235294117647,0.4285714285714282,0.6190476190476192,0.5,1.2142857142857142,1.1272727272727043,-0.8421052631578957,-1.055555555555556,-0.49999999999999944
324,1.0,-0.1250000000000001,-0.17647058823529413,12.57142857142857,-0.38095238095238143,0.0,0.30952380952380953,2.181818181818214,-0.7894736842105261,0.38888888888888873,-0.6250000000000001
186,-0.23809523809523814,-0.5416666666666667,0.6470588235294118,-0.2857142857142859,0.14285714285714304,0.07142857142857142,0.7142857142857143,0.22727272727270434,0.15789473684210428,-0.38888888888888873,-0.6250000000000001
253,-0.09523809523809534,1.0625,0.47058823529411764,-0.4285714285714288,0.6190476190476192,-0.35714285714285715,1.1666666666666667,-0.3636363636363774,-0.42105263157894784,-0.16666666666666688,-0.43749999999999967
462,1.4761904761904763,-1.0833333333333335,1.235294117647059,0.4999999999999994,0.2857142857142861,-0.21428571428571427,-0.2857142857142857,0.1363636363636226,-0.6842105263157892,-0.05555555555555562,1.000000000000001
639,0.4761904761904763,-0.9583333333333335,0.2647058823529411,-0.4285714285714288,-0.5714285714285715,0.8571428571428571,0.47619047619047616,0.1363636363636226,-0.6842105263157892,4.111111111111113,0.0625000000000009
170,0.0,1.5208333333333333,-0.6764705882352942,-0.5714285714285715,-1.0000000000000002,-0.6428571428571429,-0.6904761904761905,0.22727272727270434,0.26315789473684126,-1.6111111111111116,-0.6874999999999999
1356,-0.8571428571428577,-0.75,-0.02941176470588238,-0.5714285714285715,0.23809523809523842,-0.6428571428571429,-0.21428571428571427,-0.936363636363673,0.26315789473684126,-1.0000000000000002,-0.06249999999999979
866,-0.5238095238095242,-0.1250000000000001,-0.11764705882352945,0.14285714285714232,-0.38095238095238143,0.0,-0.30952380952380953,-1.0545454545454591,0.5263157894736848,1.166666666666667,0.687500000000001
569,-0.8095238095238098,-0.6666666666666669,-0.05882352941176476,0.0,0.7619047619047622,0.42857142857142855,0.11904761904761904,-0.9545454545454591,1.3684210526315783,-0.2777777777777781,0.9375000000000002
1069,0.04761904761904746,0.4166666666666666,0.2647058823529411,0.8571428571428564,0.3333333333333331,1.0714285714285714,0.35714285714285715,0.1363636363636226,0.0,0.0,0.375000000000001
251,-0.3809523809523814,0.3333333333333332,-0.7647058823529412,-0.5714285714285715,-0.23809523809523842,0.21428571428571427,-0.07142857142857142,0.22727272727270434,0.8421052631578957,0.44444444444444436,-0.18749999999999936
61,-0.09523809523809534,0.708333333333333,0.6764705882352942,-0.5714285714285715,1.7142857142857153,0.5,1.7857142857142858,0.04545454545454087,-0.5263157894736848,0.5,-0.5624999999999992
1319,0.5714285714285712,1.0,1.235294117647059,-0.7142857142857144,15.952380952380958,0.35714285714285715,0.6428571428571429,-0.08181818181821393,-2.1578947368421066,3.9444444444444464,-0.6874999999999999
177,-0.1904761904761907,0.0,0.47058823529411764,0.14285714285714232,0.3809523809523808,-0.35714285714285715,0.023809523809523808,0.22727272727270434,1.4210526315789478,-0.05555555555555562,0.1875000000000005
1271,-0.28571428571428603,-0.3333333333333334,-0.17647058823529413,-0.8571428571428571,-1.428571428571429,0.7857142857142857,0.6428571428571429,-1.454545454545459,0.3684210526315782,-0.2777777777777781,0.9375000000000002
723,-0.3809523809523814,-0.8750000000000001,0.11764705882352937,0.0,-1.2380952380952388,1.6428571428571428,2.142857142857143,-0.09090909090908174,-1.9473684210526327,5.555555555555557,-0.43749999999999967
1517,-0.666666666666667,0.041666666666666706,-0.5882352941176472,-0.2857142857142859,-0.7619047619047622,1.1428571428571428,0.16666666666666666,-0.8227272727272704,0.3684210526315782,1.166666666666667,0.0625000000000009
696,-0.4285714285714288,0.5416666666666667,-0.7058823529411766,-0.14285714285714296,-0.6190476190476192,-0.35714285714285715,-0.2857142857142857,0.22727272727270434,0.8421052631578957,0.2777777777777781,-0.43749999999999967
1203,0.9523809523809526,0.9166666666666666,-0.20588235294117652,5.1428571428571415,1.5238095238095244,1.4285714285714286,0.9285714285714286,0.9454545454545409,-0.894736842105263,-0.38888888888888873,-0.49999999999999944
443,1.0,-0.3333333333333334,0.6764705882352942,0.7142857142857141,-0.09523809523809536,-0.14285714285714285,-0.42857142857142855,-0.18181818181821394,-0.42105263157894784,0.05555555555555562,0.8750000000000004
552,0.7619047619047619,-0.25,-0.05882352941176476,0.7142857142857141,0.6190476190476192,0.07142857142857142,0.16666666666666666,0.5909090909090817,-1.0,0.6666666666666669,-0.12499999999999958
44,-0.5238095238095242,0.6250000000000001,-0.7058823529411766,-0.5714285714285715,-1.3809523809523814,-0.5714285714285714,-0.6190476190476191,-0.2272727272727548,0.894736842105263,-0.5555555555555556,-0.43749999999999967
878,0.4285714285714288,0.3749999999999999,-0.20588235294117652,2.5714285714285707,0.7142857142857145,1.2142857142857142,0.7619047619047619,0.5318181818181887,-0.47368421052631515,-0.6666666666666669,-0.12499999999999958
1080,1.1428571428571432,-1.0416666666666667,0.8823529411764708,-1.142857142857143,-1.5238095238095244,-0.7142857142857143,-0.6904761904761905,-0.9045454545454844,-0.7894736842105261,-0.6111111111111113,1.000000000000001
1254,-0.04761904761904788,0.7499999999999998,-0.5882352941176472,-0.4285714285714288,0.0,0.5,-0.047619047619047616,-0.19090909090908173,0.47368421052631515,0.38888888888888873,0.4375000000000008
1502,-0.28571428571428603,0.27083333333333315,-0.2352941176470589,0.28571428571428525,-0.04761904761904768,0.14285714285714285,0.5476190476190477,-0.14545454545454087,0.0,-0.44444444444444436,-0.24999999999999917
1077,0.33333333333333304,-0.6250000000000001,1.147058823529412,5.999999999999999,0.04761904761904768,-0.7142857142857143,-0.6904761904761905,0.6681818181818113,-0.21052631578947392,-0.2222222222222225,0.5000000000000006
231,0.04761904761904746,-0.5833333333333334,-0.5882352941176472,-0.5714285714285715,-0.04761904761904768,-0.07142857142857142,0.2857142857142857,-0.20454545454548437,0.3157894736842109,-0.5555555555555556,-0.18749999999999936
1046,-0.1428571428571432,1.0833333333333335,-0.7647058823529412,-0.7142857142857144,-0.14285714285714304,1.4285714285714286,0.19047619047619047,-0.2636363636363774,0.0,0.0,0.31250000000000006
1537,-1.1904761904761907,0.24999999999999978,-0.5294117647058824,-0.4285714285714288,-0.952380952380953,0.5,-0.14285714285714285,-0.8454545454545913,1.0,0.11111111111111124,0.0
496,-0.04761904761904788,0.0,-0.02941176470588238,-0.4285714285714288,0.09523809523809536,0.07142857142857142,0.023809523809523808,0.7727272727272452,0.6315789473684218,0.16666666666666688,-0.7499999999999997
1153,0.8095238095238093,-0.4166666666666668,0.2647058823529411,-0.14285714285714296,0.19047619047619072,0.2857142857142857,0.023809523809523808,-0.21818181818183655,-0.42105263157894784,0.2222222222222225,0.5625000000000003
1436,1.0,-0.5833333333333334,0.35294117647058826,-0.8571428571428571,4.285714285714288,1.0,1.2619047619047619,1.1090909090909182,-0.8421052631578957,0.16666666666666688,-1.0624999999999998
1279,0.9047619047619051,-0.9166666666666669,0.3823529411764706,-0.7142857142857144,-0.80952380952381,-0.7142857142857143,-0.6666666666666666,-0.8636363636363774,-0.894736842105263,-0.2777777777777781,0.8125000000000007
137,-0.3333333333333335,-0.43750000000000017,0.2941176470588235,-0.2857142857142859,0.09523809523809536,0.0,0.19047619047619047,0.22727272727270434,0.894736842105263,0.11111111111111124,-0.6250000000000001
1527,-0.3809523809523814,0.041666666666666706,-0.5588235294117647,-0.7142857142857144,-0.38095238095238143,0.14285714285714285,-0.30952380952380953,-0.7272727272727548,-0.10526315789473696,0.2222222222222225,0.375000000000001
446,2.1904761904761907,-0.5833333333333334,1.0,0.5714285714285712,0.09523809523809536,1.2857142857142858,0.8333333333333334,1.3181818181818366,-1.105263157894737,0.6111111111111113,0.1875000000000005
464,1.7142857142857144,-0.8541666666666667,0.8235294117647061,-0.14285714285714296,0.23809523809523842,-0.5714285714285714,-0.5238095238095238,0.9090909090909183,-1.7368421052631589,0.44444444444444436,-0.6250000000000001
413,0.9523809523809526,-0.5,0.7941176470588237,6.428571428571427,0.8571428571428577,-0.5,-0.42857142857142855,0.8636363636363774,-0.21052631578947392,1.1111111111111112,0.9375000000000002
998,0.4761904761904763,1.3333333333333333,0.2352941176470589,-1.142857142857143,-1.3809523809523814,-0.6428571428571429,-0.6428571428571429,-0.5272727272727548,-1.0,-0.7777777777777781,-0.6874999999999999
353,2.666666666666667,0.041666666666666706,1.558823529411765,3.7142857142857126,1.952380952380953,0.7142857142857143,0.9523809523809523,2.3181818181818366,-0.6842105263157892,0.8333333333333337,1.7500000000000009
281,-0.09523809523809534,-1.0416666666666667,1.235294117647059,1.8571428571428563,13.28571428571429,-0.5714285714285714,-0.6428571428571429,0.22727272727270434,-0.3157894736842109,2.5555555555555567,-0.18749999999999936
487,1.095238095238095,0.5208333333333334,0.2941176470588235,-0.5714285714285715,-1.2380952380952388,-0.5714285714285714,-0.5476190476190477,0.6818181818181634,-0.7368421052631587,-1.1111111111111116,-0.12499999999999958
187,-0.09523809523809534,0.7708333333333331,-0.4705882352941177,0.5714285714285712,0.23809523809523842,-0.2857142857142857,-0.2619047619047619,0.4090909090909183,0.42105263157894784,-0.7222222222222225,-0.31250000000000006
1127,-0.7619047619047623,1.0,-0.7647058823529412,0.9999999999999993,-0.33333333333333376,0.9285714285714286,0.35714285714285715,-1.322727272727321,1.0526315789473673,-0.11111111111111124,0.8125000000000007
608,1.0476190476190474,0.5416666666666667,0.3235294117647059,4.1428571428571415,1.4761904761904767,-0.14285714285714285,0.6666666666666666,2.6818181818181634,0.052631578947367315,0.11111111111111124,0.1250000000000007
358,1.904761904761905,-0.3750000000000001,1.1764705882352944,1.2857142857142854,1.428571428571429,-0.21428571428571427,-0.3333333333333333,1.5,-0.8421052631578957,1.2777777777777781,0.1250000000000007
1538,-0.8095238095238098,0.5,-0.5000000000000001,0.4285714285714282,0.09523809523809536,0.14285714285714285,-0.2619047619047619,-0.6,1.3684210526315783,0.05555555555555562,1.1250000000000007
361,0.33333333333333304,-0.2916666666666667,0.14705882352941174,0.5714285714285712,0.3333333333333331,0.5714285714285714,0.30952380952380953,0.6818181818181634,0.3157894736842109,1.6111111111111118,-0.18749999999999936
1448,-0.4761904761904763,0.24999999999999978,-0.7352941176470589,-0.4285714285714288,0.04761904761904768,1.9285714285714286,0.40476190476190477,0.05909090909089303,0.47368421052631515,0.6111111111111113,-0.31250000000000006
650,1.333333333333333,-0.3750000000000001,0.3823529411764706,0.0,1.285714285714286,-0.35714285714285715,-0.11904761904761904,0.8636363636363774,-2.210526315789474,-0.6666666666666669,-0.37499999999999983
70,-0.09523809523809534,0.4583333333333333,-0.5294117647058824,-0.4285714285714288,-0.14285714285714304,0.14285714285714285,-0.23809523809523808,0.0,0.052631578947367315,-0.44444444444444436,-0.43749999999999967
95,-1.5238095238095242,0.3333333333333332,-0.2647058823529412,0.14285714285714232,-1.0000000000000002,0.2857142857142857,1.6428571428571428,-1.5909090909091321,2.8421052631578956,-0.11111111111111124,1.687500000000001
164,-0.28571428571428603,0.29166666666666646,0.0,7.1428571428571415,-0.4285714285714285,1.5714285714285714,2.0,0.6363636363636226,0.3157894736842109,-0.7222222222222225,-0.49999999999999944
1597,-0.9523809523809526,0.5208333333333334,-0.41176470588235303,-0.2857142857142859,-0.19047619047619072,1.3571428571428572,0.16666666666666666,-0.5590909090909435,1.3684210526315783,0.5,0.0
797,0.666666666666667,-0.6250000000000001,0.5294117647058824,-0.8571428571428571,-1.9523809523809532,0.5714285714285714,0.11904761904761904,-0.6545454545454591,-0.3684210526315782,1.0555555555555562,0.375000000000001
687,0.5714285714285712,0.5,-0.08823529411764706,1.2857142857142854,0.7619047619047622,0.0,0.023809523809523808,1.4090909090909183,-0.15789473684210661,-0.16666666666666688,-0.31250000000000006
355,-0.5714285714285716,0.9583333333333333,-0.7352941176470589,0.28571428571428525,-0.04761904761904768,0.2857142857142857,-0.11904761904761904,-0.5454545454545409,1.2631578947368411,-0.05555555555555562,1.6250000000000013
598,0.2857142857142856,0.27083333333333315,-0.2352941176470589,-0.14285714285714296,-0.04761904761904768,-0.5714285714285714,-0.16666666666666666,0.0,-0.5789473684210521,-0.7777777777777781,-0.24999999999999917
834,0.4285714285714288,0.6875000000000002,0.0,-0.8571428571428571,0.4285714285714285,0.21428571428571427,-0.3333333333333333,0.10909090909091827,0.052631578947367315,-0.8333333333333337,-0.49999999999999944
1165,0.2857142857142856,-0.3333333333333334,0.7058823529411765,-0.4285714285714288,13.809523809523814,0.14285714285714285,0.023809523809523808,-0.1636363636363774,-1.5789473684210544,2.6666666666666683,-0.49999999999999944
1088,1.7619047619047619,-0.45833333333333354,0.8235294117647061,-1.0,0.7619047619047622,0.6428571428571429,0.09523809523809523,0.29545454545451566,-1.5263157894736847,0.7777777777777781,-0.18749999999999936
513,1.2380952380952381,-0.041666666666666706,1.1176470588235294,0.28571428571428525,1.3333333333333337,-0.5,-0.5238095238095238,0.2727272727272452,-1.1578947368421066,0.2222222222222225,1.000000000000001
1201,0.0,-0.75,0.2941176470588235,-0.4285714285714288,-0.6666666666666669,-0.5714285714285714,-0.6428571428571429,-1.1409090909091069,-0.21052631578947392,-0.44444444444444436,0.6250000000000001
614,0.6190476190476186,0.9791666666666666,-0.2352941176470589,0.0,3.285714285714287,-0.21428571428571427,1.5714285714285714,0.09090909090908174,-2.315789473684211,4.111111111111113,0.0
323,1.1428571428571432,0.29166666666666646,0.47058823529411764,0.8571428571428564,0.5238095238095238,1.5714285714285714,0.8571428571428571,1.045454545454541,-0.15789473684210661,0.44444444444444436,-0.43749999999999967
306,-0.1428571428571432,0.4166666666666666,0.17647058823529413,0.0,0.14285714285714304,-0.42857142857142855,0.40476190476190477,-0.04545454545454087,0.26315789473684126,-0.5555555555555556,-0.49999999999999944
1447,-0.5238095238095242,0.6250000000000001,-0.7647058823529412,-0.4285714285714288,0.04761904761904768,0.6428571428571429,0.047619047619047616,0.1409090909090565,0.47368421052631515,0.6666666666666669,-0.31250000000000006
101,-0.04761904761904788,-0.08333333333333341,0.11764705882352937,-0.4285714285714288,-0.19047619047619072,-0.35714285714285715,-0.35714285714285715,-0.3636363636363774,0.0,-0.33333333333333315,0.1250000000000007
259,1.0,-0.8750000000000001,0.6176470588235293,0.5714285714285712,0.2857142857142861,0.07142857142857142,-0.09523809523809523,1.340909090909107,0.26315789473684126,1.0000000000000007,0.1875000000000005
403,1.666666666666667,0.3333333333333332,0.6764705882352942,0.7142857142857141,0.2857142857142861,-0.21428571428571427,0.09523809523809523,1.2272727272727044,-0.8421052631578957,0.05555555555555562,0.1875000000000005
566,0.3809523809523805,0.7499999999999998,-0.05882352941176476,0.4285714285714282,7.0000000000000036,-0.5714285714285714,-0.5238095238095238,1.0909090909090817,0.052631578947367315,-0.11111111111111124,-0.7499999999999997
9,-0.1904761904761907,-0.08333333333333341,0.2941176470588235,5.571428571428569,-0.38095238095238143,0.2857142857142857,1.5476190476190477,0.5,0.21052631578947392,1.0000000000000007,0.1875000000000005
37,0.09523809523809491,-0.5833333333333334,0.05882352941176476,-0.14285714285714296,-0.6190476190476192,0.0,-0.16666666666666666,0.04545454545454087,-0.42105263157894784,0.6111111111111113,-0.31250000000000006
1455,-0.666666666666667,1.5833333333333335,-0.7647058823529412,-0.8571428571428571,-1.2857142857142865,-0.2857142857142857,-0.47619047619047616,-0.9227272727272704,1.0,0.05555555555555562,0.4375000000000008
690,-0.23809523809523814,2.7708333333333335,-0.7647058823529412,2.9285714285714275,0.8571428571428577,-0.5714285714285714,-0.5476190476190477,-0.04545454545454087,1.6842105263157892,-0.44444444444444436,0.31250000000000006
448,0.33333333333333304,0.041666666666666706,-0.11764705882352945,-0.2857142857142859,1.0000000000000007,-0.42857142857142855,-0.23809523809523808,0.0,-0.5789473684210521,-0.33333333333333315,0.0
1440,-0.3333333333333335,-0.6250000000000001,0.17647058823529413,-0.2857142857142859,-0.80952380952381,0.14285714285714285,-0.21428571428571427,-0.9090909090909183,-0.42105263157894784,0.6111111111111113,0.687500000000001
35,-0.04761904761904788,0.5208333333333334,-0.7647058823529412,4.714285714285713,0.3333333333333331,-0.5714285714285714,-0.4523809523809524,0.8636363636363774,0.47368421052631515,-0.38888888888888873,-0.37499999999999983
1553,-0.28571428571428603,0.8958333333333333,-0.7647058823529412,0.0,0.04761904761904768,0.35714285714285715,-0.21428571428571427,0.4318181818181887,0.5263157894736848,-0.11111111111111124,-0.49999999999999944
1156,0.2857142857142856,-1.4166666666666667,0.7352941176470589,-0.6428571428571429,-0.38095238095238143,2.2857142857142856,1.2142857142857142,-0.6636363636363773,0.10526315789473696,0.7777777777777781,1.000000000000001
657,1.9523809523809526,-0.08333333333333341,0.9705882352941176,-1.142857142857143,-0.2857142857142861,0.7142857142857143,0.11904761904761904,0.5909090909090817,-2.0526315789473695,0.33333333333333376,0.1875000000000005
192,-0.5238095238095242,0.4583333333333333,-0.41176470588235303,2.2857142857142847,0.952380952380953,0.21428571428571427,2.119047619047619,0.09090909090908174,-0.15789473684210661,-0.05555555555555562,-0.43749999999999967
931,-0.23809523809523814,0.3749999999999999,-0.7352941176470589,-0.2857142857142859,-0.23809523809523842,0.0,0.023809523809523808,0.35454545454545916,0.894736842105263,0.16666666666666688,-0.24999999999999917
45,-1.571428571428572,0.0,-0.32352941176470595,-0.14285714285714296,-1.1904761904761911,-0.35714285714285715,0.6666666666666666,-1.5000000000000504,3.105263157894737,-0.33333333333333315,1.8125000000000007
118,0.4285714285714288,0.1250000000000001,-0.6470588235294118,0.0,1.9047619047619053,0.07142857142857142,0.4523809523809524,-0.2272727272727548,-0.5263157894736848,-0.11111111111111124,0.4375000000000008
302,0.1904761904761907,0.7708333333333331,-0.41176470588235303,0.5714285714285712,0.6190476190476192,-0.07142857142857142,-0.21428571428571427,1.2272727272727044,1.0526315789473673,0.5555555555555556,-0.12499999999999958
519,-0.28571428571428603,-0.6458333333333335,0.6764705882352942,0.4285714285714282,0.4285714285714285,1.8571428571428572,1.6428571428571428,-0.04545454545454087,0.26315789473684126,0.8888888888888894,0.5000000000000006
1352,-0.1428571428571432,0.5208333333333334,-0.6764705882352942,-0.4285714285714288,0.3333333333333331,0.07142857142857142,0.47619047619047616,0.09090909090908174,0.3157894736842109,-0.8888888888888891,0.0625000000000009
533,1.1428571428571432,-1.0416666666666667,-0.05882352941176476,-0.14285714285714296,-0.33333333333333376,0.14285714285714285,-0.09523809523809523,-0.5,-0.47368421052631515,0.2222222222222225,1.6250000000000013
1125,0.4285714285714288,-1.1666666666666667,0.2647058823529411,-0.7142857142857144,-1.1428571428571435,0.0,-0.23809523809523808,-1.254545454545459,-0.894736842105263,-0.16666666666666688,0.687500000000001
1228,-1.333333333333334,-0.4166666666666668,-0.7647058823529412,-0.5714285714285715,-1.6666666666666676,0.35714285714285715,1.2142857142857142,-2.3318181818182393,1.9473684210526327,0.6111111111111113,2.125000000000001
944,0.1904761904761907,-0.9166666666666669,0.6764705882352942,2.2857142857142847,0.5238095238095238,-0.14285714285714285,-0.30952380952380953,-0.7818181818182139,-0.21052631578947392,0.11111111111111124,1.1875000000000004
1145,0.14285714285714238,-1.3333333333333335,0.5,0.4285714285714282,-0.14285714285714304,1.2857142857142858,0.3333333333333333,0.009090909090918267,1.1578947368421042,1.0555555555555562,0.1250000000000007
1007,0.5714285714285712,-0.9166666666666669,0.2352941176470589,-0.2857142857142859,-0.7142857142857145,-0.07142857142857142,-0.2857142857142857,-0.7,-0.2631578947368436,1.2222222222222225,0.9375000000000002
335,1.904761904761905,0.7291666666666664,0.7941176470588237,1.7142857142857135,2.3333333333333344,-0.42857142857142855,-0.38095238095238093,1.1363636363636227,-0.7368421052631587,1.2222222222222225,1.2500000000000002
273,0.23809523809523814,0.8124999999999998,-0.17647058823529413,0.28571428571428525,-0.14285714285714304,-0.21428571428571427,0.023809523809523808,0.29545454545451566,0.0,0.11111111111111124,-0.49999999999999944
586,1.5238095238095237,-0.8750000000000001,0.6764705882352942,0.7142857142857141,0.7142857142857145,0.21428571428571427,0.23809523809523808,0.8636363636363774,-1.0,2.222222222222223,0.2500000000000003
1545,-0.666666666666667,0.4583333333333333,0.20588235294117652,-0.5714285714285715,-0.952380952380953,0.21428571428571427,-0.21428571428571427,-0.6318181818181887,0.26315789473684126,0.11111111111111124,-0.06249999999999979
773,0.0,-0.5,0.08823529411764698,-0.5714285714285715,3.7142857142857157,-0.8571428571428571,0.16666666666666666,0.2727272727272452,-0.05263157894736965,1.6666666666666674,-0.43749999999999967
354,-0.8571428571428577,-1.291666666666667,0.41176470588235303,-1.142857142857143,-0.6190476190476192,1.9642857142857142,3.0476190476190474,-2.5000000000000506,-0.3157894736842109,-0.16666666666666688,1.0625000000000009
1562,-0.3333333333333335,0.7291666666666664,-0.3823529411764706,-0.2857142857142859,-0.14285714285714304,-0.07142857142857142,-0.40476190476190477,-0.5636363636363774,-0.10526315789473696,-0.44444444444444436,-0.06249999999999979
1051,0.2857142857142856,-0.25,0.9705882352941176,-1.142857142857143,15.952380952380958,0.21428571428571427,0.19047619047619047,0.14545454545454087,-1.4736842105263175,4.000000000000002,-0.6250000000000001
920,0.8095238095238093,-0.45833333333333354,0.3235294117647059,0.14285714285714232,0.5714285714285715,-0.21428571428571427,-0.3333333333333333,0.5272727272727044,-0.3684210526315782,-0.33333333333333315,0.1875000000000005
88,0.666666666666667,-0.5416666666666667,0.5294117647058824,-0.14285714285714296,1.3333333333333337,1.5,2.0952380952380953,0.5,-0.894736842105263,3.3333333333333344,-0.43749999999999967
1252,-0.3809523809523814,0.8333333333333331,-0.7647058823529412,-0.5714285714285715,2.0952380952380962,-0.5,-0.5476190476190477,-0.1954545454545661,0.7368421052631587,-0.2222222222222225,-0.24999999999999917
1423,-0.7142857142857144,0.041666666666666706,-0.5000000000000001,2.4285714285714275,2.0952380952380962,0.07142857142857142,-0.14285714285714285,0.04545454545454087,1.0,0.2777777777777781,0.5000000000000006
885,0.4761904761904763,0.9583333333333333,-0.35294117647058826,0.4285714285714282,0.3333333333333331,-0.2857142857142857,-0.16666666666666666,0.7,0.15789473684210428,0.11111111111111124,0.1875000000000005
1427,-0.1428571428571432,-0.45833333333333354,0.20588235294117652,0.4285714285714282,-0.04761904761904768,-0.5,-0.3333333333333333,-0.45454545454545914,-0.05263157894736965,-0.2222222222222225,0.6250000000000001
1500,-0.1904761904761907,0.8541666666666665,-0.6470588235294118,-1.0,-0.14285714285714304,-0.35714285714285715,-0.5238095238095238,-0.7363636363636731,-0.2631578947368436,-0.5,-0.37499999999999983
659,-0.3809523809523814,1.3333333333333333,-0.7058823529411766,3.1428571428571423,0.80952380952381,-0.5714285714285714,-0.5714285714285714,0.1363636363636226,0.5263157894736848,-0.2777777777777781,0.5000000000000006
338,2.1428571428571432,-0.1250000000000001,0.9411764705882353,1.1428571428571423,1.142857142857143,1.0714285714285714,1.4761904761904763,1.863636363636327,-0.7894736842105261,2.111111111111112,0.8125000000000007
1582,-0.8571428571428577,0.8124999999999998,-0.4705882352941177,0.5714285714285712,-1.2380952380952388,0.0,-0.23809523809523808,-1.4000000000000505,1.3684210526315783,-0.6666666666666669,1.0625000000000009
1160,1.2857142857142856,-0.6666666666666669,0.9117647058823528,0.14285714285714232,0.3809523809523808,-0.5,-0.40476190476190477,0.027272727272704335,-0.894736842105263,0.5555555555555556,0.5625000000000003
402,2.0476190476190474,-0.16666666666666682,0.8235294117647061,0.5714285714285712,0.2857142857142861,0.42857142857142855,0.6428571428571429,1.5,-1.105263157894737,-0.05555555555555562,0.1875000000000005
404,-0.09523809523809534,0.708333333333333,-0.6176470588235295,0.7142857142857141,-0.19047619047619072,0.14285714285714285,-0.23809523809523808,0.3181818181817861,-0.2631578947368436,-0.05555555555555562,-0.6874999999999999
1374,-0.5238095238095242,1.2291666666666665,-0.7647058823529412,-1.4285714285714286,8.952380952380956,0.21428571428571427,-0.19047619047619047,-0.9045454545454844,0.052631578947367315,-0.6111111111111113,-0.24999999999999917
54,-0.1428571428571432,-0.041666666666666706,-0.32352941176470595,0.8571428571428564,1.4761904761904767,1.4285714285714286,0.8571428571428571,-0.5454545454545409,-0.7368421052631587,0.05555555555555562,0.0
28,-0.3809523809523814,0.7916666666666665,-0.7647058823529412,-0.4285714285714288,0.04761904761904768,0.07142857142857142,-0.047619047619047616,0.22727272727270434,0.8421052631578957,-0.38888888888888873,-0.49999999999999944
429,2.333333333333334,1.3333333333333333,1.0882352941176472,0.28571428571428525,0.4285714285714285,0.0,-0.047619047619047616,1.3636363636363773,-1.105263157894737,-0.11111111111111124,0.1250000000000007
97,-0.4285714285714288,-0.08333333333333341,-0.02941176470588238,-0.2857142857142859,-0.4285714285714285,-0.7142857142857143,-0.35714285714285715,-0.18181818181821394,-0.3157894736842109,0.05555555555555562,-0.6250000000000001
1031,-0.28571428571428603,0.1250000000000001,-0.7352941176470589,-0.5714285714285715,0.6666666666666669,-0.2857142857142857,-0.5238095238095238,-0.7090909090909183,0.21052631578947392,-0.2222222222222225,0.5000000000000006
975,-0.3333333333333335,-0.45833333333333354,0.11764705882352937,-0.14285714285714296,0.19047619047619072,1.5714285714285714,0.8333333333333334,0.1363636363636226,0.6842105263157892,-0.5555555555555556,-0.49999999999999944
988,-0.09523809523809534,-0.5416666666666667,-0.41176470588235303,-0.7142857142857144,0.8571428571428577,0.42857142857142855,-0.23809523809523808,-0.33636363636367306,-0.7894736842105261,-0.7222222222222225,-0.49999999999999944
576,0.9523809523809526,-0.08333333333333341,-0.05882352941176476,0.14285714285714232,1.142857142857143,-0.5,-0.5476190476190477,0.5,0.15789473684210428,-0.5555555555555556,-0.12499999999999958
1460,-0.7142857142857144,-0.4166666666666668,-0.5000000000000001,0.14285714285714232,-1.1904761904761911,1.5,0.6428571428571429,0.24545454545454087,0.5263157894736848,0.33333333333333376,0.1250000000000007
1213,0.8095238095238093,-0.5833333333333334,0.47058823529411764,-0.4285714285714288,-0.38095238095238143,-0.5714285714285714,-0.5714285714285714,-0.05000000000002523,-0.8421052631578957,0.7222222222222225,0.1875000000000005
1073,0.04761904761904746,0.4166666666666666,0.20588235294117652,0.7142857142857141,0.4285714285714285,0.21428571428571427,0.0,0.22727272727270434,0.0,-0.2222222222222225,0.31250000000000006
1332,0.23809523809523814,-0.5416666666666667,-0.4705882352941177,-0.7142857142857144,-0.19047619047619072,-0.5,-0.2857142857142857,-0.40454545454548435,-1.1578947368421066,-1.055555555555556,-0.31250000000000006
977,0.23809523809523814,0.29166666666666646,0.08823529411764698,0.5714285714285712,1.428571428571429,1.2857142857142858,1.9523809523809523,0.5954545454545156,-0.8421052631578957,-0.6666666666666669,-0.6874999999999999
1589,-0.6190476190476195,0.8541666666666665,-0.17647058823529413,7.999999999999997,-0.2857142857142861,1.1428571428571428,1.0,0.45454545454545914,-0.10526315789473696,-0.44444444444444436,-0.6250000000000001
653,0.7142857142857144,-0.7916666666666667,0.9705882352941176,0.8571428571428564,0.0,-0.2857142857142857,-0.16666666666666666,0.4090909090909183,-1.0,-0.44444444444444436,1.1250000000000007
742,-0.666666666666667,0.39583333333333326,-0.7647058823529412,-0.4285714285714288,-0.6666666666666669,-0.2857142857142857,-0.4523809523809524,0.22727272727270434,0.7894736842105261,0.16666666666666688,-0.6250000000000001
1052,-1.0952380952380958,0.3541666666666665,-0.6176470588235295,0.28571428571428525,-0.2857142857142861,0.42857142857142855,-0.2857142857142857,-1.8727272727272957,1.3157894736842108,-0.38888888888888873,1.687500000000001
262,0.04761904761904746,0.0,-0.6764705882352942,-0.7142857142857144,-0.4285714285714285,-0.21428571428571427,-0.047619047619047616,-0.4318181818181887,0.15789473684210428,-0.2777777777777781,-0.12499999999999958
217,0.09523809523809491,0.8541666666666665,-0.11764705882352945,0.0,-0.33333333333333376,-0.14285714285714285,0.09523809523809523,0.0,0.26315789473684126,-0.38888888888888873,-0.6874999999999999
1583,-0.8095238095238098,-0.25,0.08823529411764698,-0.14285714285714296,-0.23809523809523842,1.3571428571428572,1.4523809523809523,-0.41818181818183653,0.10526315789473696,0.0,-0.24999999999999917
1220,1.4285714285714288,-0.8333333333333334,0.7647058823529412,-0.5714285714285715,2.523809523809525,0.2857142857142857,0.16666666666666666,0.29090909090908174,-0.15789473684210661,0.8333333333333337,0.8125000000000007
420,0.7619047619047619,0.16666666666666682,0.20588235294117652,0.28571428571428525,0.47619047619047616,1.5714285714285714,0.7142857142857143,0.22727272727270434,-0.15789473684210661,0.6111111111111113,1.000000000000001
491,0.6190476190476186,-0.45833333333333354,0.7058823529411765,0.4285714285714282,-1.1428571428571435,-0.07142857142857142,-0.2857142857142857,-0.681818181818214,0.15789473684210428,0.944444444444445,1.9375000000000013
440,2.238095238095238,-0.8750000000000001,1.3529411764705883,0.0,-0.33333333333333376,-0.5,-0.19047619047619047,0.9090909090909183,-2.2631578947368434,1.1111111111111112,-0.24999999999999917
706,-0.4285714285714288,1.0833333333333335,-0.5294117647058824,-0.2857142857142859,0.6666666666666669,-0.21428571428571427,-0.42857142857142855,-0.5,0.47368421052631515,-0.8333333333333337,-0.12499999999999958
1321,-1.3809523809523814,0.9166666666666666,-0.7647058823529412,-1.4285714285714286,-1.8095238095238102,0.21428571428571427,0.21428571428571427,-1.8727272727272957,3.684210526315789,-0.16666666666666688,1.4375000000000007
22,0.0,-0.3750000000000001,-0.14705882352941183,-0.8571428571428571,1.285714285714286,-0.21428571428571427,0.0,-0.04545454545454087,-0.7368421052631587,1.6111111111111118,-0.43749999999999967
739,0.5238095238095237,0.708333333333333,-0.7647058823529412,0.28571428571428525,0.4285714285714285,0.42857142857142855,0.023809523809523808,1.045454545454541,0.21052631578947392,-0.11111111111111124,-0.5624999999999992
1276,0.2857142857142856,-0.5,0.41176470588235303,5.857142857142855,-1.3809523809523814,-0.7142857142857143,-0.6428571428571429,-0.47272727272729564,-0.15789473684210661,-0.33333333333333315,1.1250000000000007
495,1.333333333333333,-0.7083333333333335,0.7941176470588237,0.5714285714285712,-0.4285714285714285,-0.5714285714285714,-0.5,0.22727272727270434,-0.8421052631578957,0.16666666666666688,0.5000000000000006
365,1.0,-0.4166666666666668,0.7058823529411765,1.7142857142857135,1.3333333333333337,-0.42857142857142855,-0.38095238095238093,0.5454545454545409,-0.2631578947368436,1.7222222222222232,1.000000000000001
774,0.0,-0.5,0.11764705882352937,-0.5714285714285715,3.7142857142857157,-0.7857142857142857,0.19047619047619047,0.25909090909089305,0.0,1.6111111111111118,-0.43749999999999967
392,0.7619047619047619,-0.6250000000000001,0.7647058823529412,-0.2857142857142859,0.14285714285714304,-0.5,-0.2619047619047619,0.5909090909090817,-0.6842105263157892,-0.6111111111111113,-0.43749999999999967
56,1.095238095238095,-0.4166666666666668,0.9117647058823528,1.7142857142857135,-0.4285714285714285,-0.6428571428571429,-0.6428571428571429,0.18181818181816348,-1.4210526315789478,0.05555555555555562,-0.37499999999999983
1590,-0.7619047619047623,0.1250000000000001,-0.32352941176470595,-0.5714285714285715,-0.09523809523809536,0.9285714285714286,-0.047619047619047616,-1.6181818181818366,0.052631578947367315,1.1111111111111112,0.8750000000000004
1475,-1.2380952380952386,-0.20833333333333354,-0.4411764705882354,0.0,-1.4761904761904767,0.21428571428571427,1.2380952380952381,-2.2181818181818365,1.210526315789474,1.444444444444445,2.1041666666666887
312,0.5238095238095237,-0.25,0.14705882352941174,0.8571428571428564,0.6666666666666669,0.42857142857142855,1.4523809523809523,0.6590909090908931,0.052631578947367315,0.05555555555555562,-0.43749999999999967
441,1.904761904761905,-0.5,1.147058823529412,-0.07142857142857179,-0.5238095238095238,-0.42857142857142855,-0.23809523809523808,0.9545454545454591,-1.3157894736842108,0.33333333333333376,0.687500000000001
986,0.9047619047619051,-0.75,0.3823529411764706,-1.142857142857143,-0.6190476190476192,-0.7142857142857143,-0.7142857142857143,-0.9090909090909183,-0.6315789473684218,-0.38888888888888873,0.7500000000000009
844,0.9523809523809526,-1.1250000000000002,0.5882352941176472,-0.7142857142857144,-0.80952380952381,0.9285714285714286,0.11904761904761904,-0.3636363636363774,-0.6842105263157892,1.166666666666667,0.2500000000000003
1445,-0.23809523809523814,1.1041666666666667,-0.20588235294117652,4.285714285714285,0.7142857142857145,0.42857142857142855,1.4523809523809523,0.19545454545451563,-0.7894736842105261,-0.5555555555555556,-0.37499999999999983
59,-0.28571428571428603,-0.5416666666666667,0.14705882352941174,0.28571428571428525,-0.23809523809523842,-0.2857142857142857,0.21428571428571427,-0.2272727272727548,0.5263157894736848,-0.44444444444444436,-0.49999999999999944
333,0.23809523809523814,0.16666666666666682,-0.5294117647058824,-0.14285714285714296,1.2380952380952384,0.21428571428571427,0.16666666666666666,-0.4090909090909183,-0.9473684210526326,-0.5555555555555556,0.5000000000000006
165,-0.04761904761904788,0.4583333333333333,0.6470588235294118,-0.7142857142857144,1.0000000000000007,0.07142857142857142,1.4047619047619047,-0.2727272727272957,-0.6315789473684218,0.0,-0.43749999999999967
388,-0.04761904761904788,-0.25,0.0,-0.4285714285714288,0.4285714285714285,0.7142857142857143,0.38095238095238093,0.6363636363636226,0.6315789473684218,0.6666666666666669,-0.6250000000000001
674,1.3809523809523814,-0.5,0.4411764705882352,0.0,0.23809523809523842,-0.42857142857142855,-0.47619047619047616,0.7727272727272452,-1.210526315789474,0.2777777777777781,-0.5624999999999992
1190,0.5714285714285712,-0.5,0.9117647058823528,3.428571428571427,0.04761904761904768,-0.5,-0.40476190476190477,-0.08181818181821393,-0.15789473684210661,-0.2777777777777781,1.4375000000000007
1236,-0.04761904761904788,0.1250000000000001,-0.7647058823529412,-0.7142857142857144,-0.4285714285714285,-0.42857142857142855,-0.47619047619047616,-0.05000000000002523,-0.2631578947368436,0.11111111111111124,-0.49999999999999944
243,3.3809523809523814,-1.291666666666667,0.5294117647058824,0.0,-0.19047619047619072,-0.21428571428571427,-0.30952380952380953,1.522727272727321,-1.2631578947368436,1.2222222222222225,-0.6250000000000001
804,0.23809523809523814,0.0,-0.11764705882352945,0.7142857142857141,0.23809523809523842,-0.6428571428571429,-0.4523809523809524,0.054545454545459136,-0.2631578947368436,-0.2777777777777781,-0.18749999999999936
1371,-0.1904761904761907,0.24999999999999978,0.8823529411764708,1.2857142857142854,3.523809523809525,-0.5714285714285714,-0.5476190476190477,-0.8818181818182139,-0.5263157894736848,2.2777777777777786,0.8750000000000004
166,-0.5238095238095242,0.5,-0.4705882352941177,-0.14285714285714296,0.2857142857142861,0.35714285714285715,1.5238095238095237,-0.5,0.15789473684210428,-0.5555555555555556,0.0
596,2.1428571428571432,-0.5,0.7352941176470589,-0.2857142857142859,-0.952380952380953,-0.5,-0.30952380952380953,1.2272727272727044,-1.4210526315789478,-0.11111111111111124,-0.5624999999999992
182,-0.3333333333333335,0.8749999999999999,-0.7058823529411766,0.4285714285714282,-0.14285714285714304,0.21428571428571427,0.11904761904761904,0.22727272727270434,0.6842105263157892,-0.5555555555555556,-0.5624999999999992
85,-0.4761904761904763,0.1250000000000001,-0.32352941176470595,0.0,-0.14285714285714304,0.42857142857142855,0.07142857142857142,-0.2727272727272957,0.5263157894736848,-0.16666666666666688,-0.06249999999999979
518,1.4285714285714288,-1.291666666666667,0.6764705882352942,0.8571428571428564,0.4285714285714285,-0.14285714285714285,-0.11904761904761904,0.22727272727270434,-0.47368421052631515,0.33333333333333376,0.9375000000000002
907,-0.8571428571428577,0.16666666666666682,-0.7647058823529412,0.0,0.0,-0.5,-0.6666666666666666,-0.8636363636363774,1.4736842105263153,-0.44444444444444436,0.8125000000000007
289,1.7619047619047619,-0.4166666666666668,0.7941176470588237,1.5714285714285705,1.2380952380952384,1.4285714285714286,1.4523809523809523,1.9545454545454086,-0.5789473684210521,1.8333333333333337,-0.6250000000000001
490,0.666666666666667,1.0625,0.02941176470588238,0.8571428571428564,-0.04761904761904768,0.7857142857142857,0.4523809523809524,0.7727272727272452,0.0,0.2777777777777781,0.2500000000000003
345,-0.4285714285714288,0.6875000000000002,-0.7647058823529412,-0.4285714285714288,-0.5714285714285715,1.9285714285714286,0.6190476190476191,0.5454545454545409,1.5263157894736847,1.0555555555555562,-0.18749999999999936
48,-0.7142857142857144,-0.5,-0.08823529411764706,-0.8571428571428571,-0.6190476190476192,-0.5714285714285714,-0.5952380952380952,-0.4090909090909183,0.15789473684210428,-0.33333333333333315,-0.6250000000000001
593,0.9523809523809526,-0.1250000000000001,0.9411764705882353,1.8571428571428563,0.7142857142857145,-0.2857142857142857,0.14285714285714285,1.6818181818181634,-0.10526315789473696,-0.2222222222222225,-0.7499999999999997
72,-0.09523809523809534,0.708333333333333,-0.11764705882352945,-0.4285714285714288,0.23809523809523842,0.35714285714285715,1.3571428571428572,-0.2727272727272957,0.0,-0.7777777777777781,-0.43749999999999967
67,-0.6190476190476195,0.7708333333333331,-0.5588235294117647,-0.8571428571428571,-0.14285714285714304,-0.5,-0.5238095238095238,-0.2272727272727548,0.6842105263157892,-0.2222222222222225,0.31250000000000006
652,3.80952380952381,-0.6666666666666669,1.147058823529412,7.571428571428569,0.80952380952381,0.6428571428571429,0.8095238095238095,0.4090909090909183,-1.7368421052631589,1.2222222222222225,2.9375000000000013
1256,-0.1904761904761907,0.29166666666666646,-0.11764705882352945,-0.5714285714285715,0.14285714285714304,2.142857142857143,0.5476190476190477,-0.7772727272727296,-1.105263157894737,-1.1111111111111116,-0.6250000000000001
911,0.5714285714285712,-1.0,0.5882352941176472,9.714285714285712,1.6666666666666676,-0.7142857142857143,-0.6666666666666666,1.0499999999999747,-0.6842105263157892,-0.11111111111111124,0.4375000000000008
1087,0.0,-1.3750000000000002,0.47058823529411764,-0.8571428571428571,-1.0476190476190481,0.35714285714285715,-0.16666666666666666,-1.2272727272727548,-0.10526315789473696,0.38888888888888873,0.6250000000000001
1478,-0.3809523809523814,1.4791666666666667,-0.6176470588235295,4.999999999999999,0.14285714285714304,-0.7142857142857143,-0.5476190476190477,0.6272727272727043,0.47368421052631515,-0.5555555555555556,0.0
802,-1.333333333333334,0.27083333333333315,-0.7647058823529412,-0.7142857142857144,-1.6666666666666676,0.07142857142857142,1.1666666666666667,-1.8454545454545914,1.3157894736842108,1.7777777777777781,1.687500000000001
1037,-0.28571428571428603,1.6250000000000002,-0.4705882352941177,-0.5714285714285715,-0.23809523809523842,0.5,0.4523809523809524,0.009090909090918267,0.21052631578947392,-0.33333333333333315,-0.6250000000000001
1413,0.9523809523809526,0.20833333333333307,-0.02941176470588238,-0.2857142857142859,1.1904761904761907,-0.07142857142857142,1.2380952380952381,-0.18181818181821394,-1.4210526315789478,1.5555555555555562,-0.06249999999999979
693,0.5238095238095237,-0.16666666666666682,0.17647058823529413,0.8571428571428564,0.23809523809523842,0.5714285714285714,2.0238095238095237,0.7727272727272452,0.052631578947367315,0.0,-0.49999999999999944
1291,0.14285714285714238,0.47916666666666663,-0.4705882352941177,-0.14285714285714296,-0.2857142857142861,0.8571428571428571,0.5476190476190477,-0.14545454545454087,-0.10526315789473696,0.7222222222222225,0.4375000000000008
606,0.7142857142857144,-0.45833333333333354,0.6470588235294118,3.428571428571427,-0.33333333333333376,-0.21428571428571427,-0.40476190476190477,0.2727272727272452,0.15789473684210428,0.944444444444445,1.2500000000000002
913,0.7142857142857144,-0.5208333333333334,0.5882352941176472,3.428571428571427,0.7142857142857145,-0.7142857142857143,-0.6428571428571429,-0.14090909090910697,-0.21052631578947392,0.11111111111111124,1.2500000000000002
373,-0.23809523809523814,0.1250000000000001,-0.11764705882352945,0.0,1.285714285714286,-0.07142857142857142,0.8333333333333334,-0.3636363636363774,-1.3684210526315805,0.05555555555555562,-0.6250000000000001
912,1.0,-0.25,0.5294117647058824,0.9999999999999993,-0.6666666666666669,-0.6428571428571429,-0.6904761904761905,0.018181818181786068,0.10526315789473696,0.0,1.2500000000000002
351,0.5714285714285712,1.1458333333333335,-0.7647058823529412,0.5714285714285712,0.80952380952381,-0.14285714285714285,-0.2619047619047619,1.2272727272727044,0.21052631578947392,1.166666666666667,-0.49999999999999944
1097,0.33333333333333304,0.0,0.35294117647058826,-1.0,0.80952380952381,-0.5714285714285714,-0.4523809523809524,-0.018181818181836534,-0.5789473684210521,-0.5555555555555556,-0.49999999999999944
16,0.2857142857142856,-1.0,0.8823529411764708,-0.5714285714285715,0.6190476190476192,1.5714285714285714,1.5714285714285714,0.09090909090908174,-0.05263157894736965,0.7222222222222225,0.1875000000000005
1139,0.14285714285714238,-0.041666666666666706,-0.05882352941176476,-0.2857142857142859,0.0,0.21428571428571427,1.1666666666666667,0.4272727272727043,0.15789473684210428,0.11111111111111124,-0.43749999999999967
838,1.0476190476190474,-0.8750000000000001,0.2647058823529411,-0.8571428571428571,-0.19047619047619072,-0.2857142857142857,-0.21428571428571427,0.009090909090918267,-0.3684210526315782,1.166666666666667,0.6250000000000001
1458,0.23809523809523814,-0.9583333333333335,0.41176470588235303,-0.7142857142857144,-0.5714285714285715,-0.35714285714285715,-0.40476190476190477,-0.3045454545454844,0.42105263157894784,-0.11111111111111124,0.1875000000000005
695,-1.333333333333334,-0.20833333333333354,-0.7058823529411766,-1.2857142857142856,-2.1428571428571437,0.35714285714285715,0.16666666666666666,-2.090909090909132,3.105263157894737,0.0,1.6250000000000013
193,-0.1428571428571432,0.1250000000000001,-0.14705882352941183,0.0,-0.38095238095238143,-0.42857142857142855,-0.21428571428571427,-0.13636363636367307,-0.15789473684210661,-0.38888888888888873,-0.31250000000000006
1523,-0.5238095238095242,-0.16666666666666682,-0.02941176470588238,-0.2857142857142859,-0.14285714285714304,1.1428571428571428,0.5714285714285714,-0.6363636363636731,0.15789473684210428,-0.11111111111111124,0.1250000000000007
1181,0.9047619047619051,-0.5416666666666667,0.5,-0.7857142857142859,-0.5238095238095238,-0.5714285714285714,-0.6190476190476191,-0.8727272727272957,-0.6315789473684218,-0.8888888888888891,0.7500000000000009
24,-0.4761904761904763,-0.5,-0.35294117647058826,0.28571428571428525,0.2857142857142861,0.5714285714285714,0.07142857142857142,0.04545454545454087,0.6315789473684218,0.05555555555555562,-0.31250000000000006
1269,-1.1428571428571432,-0.1250000000000001,-0.6764705882352942,-0.5714285714285715,-1.6666666666666676,1.0714285714285714,1.1904761904761905,-2.681818181818214,1.0,1.1111111111111112,2.375000000000001
300,-0.1904761904761907,0.041666666666666706,-0.5882352941176472,0.5714285714285712,0.3333333333333331,0.5,0.16666666666666666,-0.09090909090908174,0.3684210526315782,-0.16666666666666688,0.31250000000000006
1361,0.1904761904761907,1.3749999999999998,-0.35294117647058826,0.4285714285714282,0.6666666666666669,0.0,0.40476190476190477,0.24545454545454087,0.26315789473684126,-0.44444444444444436,-0.06249999999999979
725,0.5238095238095237,0.5833333333333334,-0.2647058823529412,1.1428571428571423,-0.09523809523809536,-0.5714285714285714,-0.5714285714285714,0.4090909090909183,-0.10526315789473696,-0.38888888888888873,0.1250000000000007
784,-0.3809523809523814,0.29166666666666646,-0.7352941176470589,0.4285714285714282,-0.09523809523809536,0.5,1.1428571428571428,0.34545454545454085,1.2631578947368411,-0.16666666666666688,-0.24999999999999917
874,1.1904761904761907,-0.5833333333333334,0.5882352941176472,-0.14285714285714296,1.1904761904761907,-0.5,-0.6428571428571429,-0.027272727272754798,-1.0,0.16666666666666688,1.000000000000001
267,0.0,-0.7083333333333335,0.5882352941176472,1.9999999999999993,-0.04761904761904768,0.14285714285714285,0.0,0.2727272727272452,0.21052631578947392,1.3333333333333337,1.6250000000000013
1025,0.33333333333333304,1.2916666666666665,-0.7647058823529412,0.8571428571428564,0.7619047619047622,0.2857142857142857,0.14285714285714285,0.6909090909090817,0.10526315789473696,-0.11111111111111124,0.1250000000000007
1168,-0.666666666666667,-0.75,0.02941176470588238,0.8571428571428564,-0.5714285714285715,-0.35714285714285715,0.16666666666666666,-1.3000000000000504,-0.5263157894736848,-0.33333333333333315,1.1250000000000007
942,1.0476190476190474,-0.3750000000000001,0.41176470588235303,0.5714285714285712,0.6190476190476192,0.0,0.35714285714285715,0.7454545454545408,-0.47368421052631515,0.11111111111111124,-0.12499999999999958
698,0.7142857142857144,0.39583333333333326,0.05882352941176476,1.4285714285714282,0.3809523809523808,0.35714285714285715,0.8333333333333334,1.545454545454541,0.0,-0.5,-0.31250000000000006
1329,-0.23809523809523814,0.3333333333333332,0.0,-0.14285714285714296,0.19047619047619072,0.2857142857142857,1.2857142857142858,-0.24545454545454087,-0.10526315789473696,-0.33333333333333315,-0.24999999999999917
348,0.8095238095238093,0.16666666666666682,0.14705882352941174,0.8571428571428564,0.47619047619047616,0.14285714285714285,0.21428571428571427,0.5454545454545409,-1.0526315789473697,1.6666666666666674,-0.12499999999999958
970,1.1904761904761907,-1.0833333333333335,0.6470588235294118,-0.4285714285714288,-0.6190476190476192,-0.5,-0.6428571428571429,0.24545454545454087,0.10526315789473696,1.3888888888888893,0.4375000000000008
1396,0.3809523809523805,0.6458333333333335,-0.4705882352941177,-0.8571428571428571,0.5238095238095238,-0.6428571428571429,-0.6190476190476191,0.3409090909090565,0.0,0.16666666666666688,-0.4062499999999992
748,-0.3333333333333335,-0.08333333333333341,-0.2352941176470589,-0.14285714285714296,-0.38095238095238143,-0.07142857142857142,-0.14285714285714285,0.41363636363635214,1.105263157894737,0.5555555555555556,-0.37499999999999983
632,-0.1428571428571432,-0.45833333333333354,-0.35294117647058826,1.1428571428571423,0.3809523809523808,0.5714285714285714,0.14285714285714285,-0.13636363636367307,0.052631578947367315,-0.2777777777777781,0.1875000000000005
1150,0.14285714285714238,-0.7916666666666667,0.17647058823529413,0.8571428571428564,-0.5714285714285715,-0.6428571428571429,-0.5952380952380952,-0.8954545454545662,-0.05263157894736965,0.7777777777777781,1.6250000000000013
649,-0.5714285714285716,-0.4166666666666668,0.02941176470588238,9.14285714285714,-0.5238095238095238,0.7857142857142857,2.642857142857143,-0.8636363636363774,-0.7894736842105261,-0.2777777777777781,0.687500000000001
120,-0.28571428571428603,2.291666666666667,-0.5000000000000001,-0.7142857142857144,4.714285714285716,-0.21428571428571427,1.2380952380952381,-0.2272727272727548,-0.05263157894736965,-0.2777777777777781,-0.7499999999999997
1444,-0.28571428571428603,0.6250000000000001,-0.7058823529411766,0.0,-0.33333333333333376,1.2857142857142858,1.3095238095238095,-0.47272727272729564,0.052631578947367315,0.33333333333333376,0.5625000000000003
349,0.5714285714285712,1.1041666666666667,-0.7647058823529412,0.5714285714285712,0.6666666666666669,-0.14285714285714285,-0.21428571428571427,1.2272727272727044,0.26315789473684126,1.3333333333333337,-0.49999999999999944
1584,-0.5714285714285716,-0.8333333333333334,0.5294117647058824,0.28571428571428525,-0.8571428571428577,0.7857142857142857,-0.07142857142857142,-0.8454545454545913,-0.10526315789473696,1.0000000000000007,0.8750000000000004
465,1.0,-0.9583333333333335,0.41176470588235303,0.9999999999999993,0.9047619047619053,-0.21428571428571427,-0.2619047619047619,1.7727272727272452,0.894736842105263,1.6111111111111118,-0.31250000000000006
895,-0.3809523809523814,0.29166666666666646,-0.7352941176470589,0.14285714285714232,0.04761904761904768,1.0,0.14285714285714285,-0.5454545454545409,0.5789473684210521,-0.2222222222222225,0.31250000000000006
147,-0.1428571428571432,-0.1250000000000001,0.0,-0.8571428571428571,7.476190476190478,-0.21428571428571427,1.2142857142857142,0.04545454545454087,-1.0526315789473697,1.0000000000000007,-0.5624999999999992
954,-0.1428571428571432,-0.3750000000000001,0.41176470588235303,0.7142857142857141,0.14285714285714304,-0.5,-0.6190476190476191,-0.6,0.6842105263157892,-0.44444444444444436,1.2500000000000002
1001,0.9523809523809526,-0.7083333333333335,0.35294117647058826,-1.0,-1.0000000000000002,1.2857142857142858,0.23809523809523808,0.027272727272704335,-0.2631578947368436,1.1111111111111112,0.2500000000000003
1513,-0.7142857142857144,0.16666666666666682,-0.32352941176470595,-0.5714285714285715,-0.04761904761904768,0.2857142857142857,0.6666666666666666,-1.7090909090909183,0.10526315789473696,-0.11111111111111124,0.1875000000000005
1119,-1.0952380952380958,0.5833333333333334,-0.7647058823529412,0.4285714285714282,-0.6190476190476192,-0.42857142857142855,-0.5238095238095238,-1.881818181818214,1.105263157894737,-0.2222222222222225,1.687500000000001
1305,-0.1904761904761907,0.3749999999999999,0.0,-0.4285714285714288,-0.2857142857142861,0.7857142857142857,1.2142857142857142,-0.2636363636363774,-0.05263157894736965,-0.5,-0.24999999999999917
189,0.0,-0.1250000000000001,0.17647058823529413,-0.4285714285714288,0.14285714285714304,0.2857142857142857,2.5476190476190474,0.04545454545454087,-0.5789473684210521,-0.38888888888888873,-0.43749999999999967
740,0.1904761904761907,1.0,0.08823529411764698,2.8571428571428563,-0.19047619047619072,-0.07142857142857142,-0.5,-0.09090909090908174,0.7368421052631587,0.33333333333333376,0.8125000000000007
520,0.9047619047619051,-1.1250000000000002,0.6764705882352942,0.7142857142857141,0.4285714285714285,0.14285714285714285,-0.09523809523809523,0.6818181818181634,0.5789473684210521,1.5555555555555562,-0.12499999999999958
577,0.4285714285714288,-0.3333333333333334,0.6764705882352942,0.8571428571428564,0.19047619047619072,0.35714285714285715,1.7619047619047619,0.6818181818181634,-0.05263157894736965,-0.11111111111111124,-0.43749999999999967
1090,1.0,-1.0833333333333335,0.8235294117647061,-0.4285714285714288,0.19047619047619072,2.0714285714285716,0.8809523809523809,-0.9954545454545661,-1.7368421052631589,0.05555555555555562,1.000000000000001
1506,-0.5238095238095242,1.2083333333333335,-0.6176470588235295,-0.2857142857142859,-0.4285714285714285,-0.5,-0.5476190476190477,-0.4909090909091322,1.0526315789473673,0.2222222222222225,0.375000000000001
1392,-0.3809523809523814,0.4166666666666666,-0.5882352941176472,-1.2857142857142856,-0.4285714285714285,-0.5714285714285714,-0.5952380952380952,-1.136363636363673,-0.7368421052631587,-0.7777777777777781,-0.24999999999999917
1368,0.04761904761904746,1.0416666666666667,0.17647058823529413,-0.14285714285714296,0.0,0.21428571428571427,0.8809523809523809,-0.0636363636363774,-0.21052631578947392,-0.6666666666666669,-0.24999999999999917
890,-0.3333333333333335,-0.75,-0.05882352941176476,-0.2857142857142859,-0.38095238095238143,1.2142857142857142,0.35714285714285715,-0.4272727272727548,0.6842105263157892,-0.2222222222222225,-0.06249999999999979
1106,0.14285714285714238,-1.2083333333333335,0.47058823529411764,-0.4285714285714288,-0.47619047619047616,-0.2857142857142857,-0.47619047619047616,-1.336363636363673,-0.5263157894736848,-0.44444444444444436,1.312500000000001
1386,-0.23809523809523814,0.5,-0.5588235294117647,-0.5714285714285715,1.0000000000000007,-0.35714285714285715,-0.3333333333333333,-0.2727272727272957,-0.05263157894736965,-0.2222222222222225,-0.37499999999999983
294,2.571428571428572,-0.75,0.7647058823529412,1.4285714285714282,0.7142857142857145,0.2857142857142857,0.38095238095238093,2.136363636363673,-1.3684210526315805,1.0555555555555562,-0.43749999999999967
1040,-0.23809523809523814,1.8541666666666665,-0.7647058823529412,0.0,0.4285714285714285,0.21428571428571427,-0.11904761904761904,0.3909090909090817,1.4210526315789478,0.2777777777777781,0.0
1579,-0.8095238095238098,0.16666666666666682,-0.5000000000000001,-0.7142857142857144,-1.2380952380952388,0.7857142857142857,-0.11904761904761904,-1.2181818181818365,1.210526315789474,-0.11111111111111124,0.687500000000001
162,-0.04761904761904788,0.041666666666666706,-0.6470588235294118,-0.7142857142857144,-0.14285714285714304,0.2857142857142857,-0.14285714285714285,-0.13636363636367307,0.10526315789473696,-0.33333333333333315,-0.12499999999999958
545,0.5714285714285712,-0.20833333333333354,0.6764705882352942,0.5714285714285712,0.7142857142857145,1.7857142857142858,1.6428571428571428,0.6818181818181634,-1.210526315789474,-0.16666666666666688,-0.6874999999999999
363,2.1904761904761907,-0.25,1.0882352941176472,-0.2857142857142859,-0.38095238095238143,-0.5,-0.5238095238095238,0.9545454545454591,-1.6842105263157892,1.3888888888888893,0.0
1364,-0.3333333333333335,0.3541666666666665,-0.7058823529411766,-0.4285714285714288,0.80952380952381,-0.21428571428571427,-0.14285714285714285,-0.7727272727272957,0.7894736842105261,-0.5,1.000000000000001
